Unity Editor version:    6000.6.0f1 (f7f8ed4d1e24)
Branch:                  6000.6/respin/6000.6.0f1-fa21a270ab12
Build type:              Release
Batch mode:              YES
macOS version:           Version 26.6.2 (Build 25G83)
Darwin version:          25.6.0
Architecture:            arm64
Running under Rosetta:   NO
Available memory:        16384 MB
Date:                    2026-10-04T12:26:25Z
[Licensing::Module] Trying to connect to existing licensing client channel...
[Licensing::IpcConnector] Successfully connected to: "LicenseClient-ariq" at "2026-10-04T12:26:25.596578Z"

COMMAND LINE ARGUMENTS:
/Applications/Unity/Hub/Editor/6000.6.0f1/Unity.app/Contents/MacOS/Unity
-adb2
-batchMode
-noUpm
-name
AssetImportWorkerHW0
-projectPath
/Users/ariq/Code/Unity Practice/Prac1
-logFile
Logs/AssetImportWorkerHW0.log
-srvPort
56622
-parentPid
46071
-analyticsCloudUserId
anonymous
-analyticsLocalProjectId
2b94f3745e8744acfb835fba0dc1ae95
-editorAnalyticsEnabled
1
-cbmEditorLicense
c9f0bee0f9744c4063721faef05686f86c92f518
-cbmMachineId
EvBO0VdNJZ9vYdiVVTgd+fZZnCM=
-noDiagnosticSwitchPersistentStore
-job-worker-count
4
-background-job-worker-count
8
-asset-garbage-collectors
1
-force-metal
-name AssetImport
Successfully changed project path to: /Users/ariq/Code/Unity Practice/Prac1
/Users/ariq/Code/Unity Practice/Prac1
[UnityMemory] Configuration Parameters - Can be set up in boot.config
    "memorysetup-temp-allocator-size-gi-baking-worker=262144"
    "memorysetup-temp-allocator-size-gi-baking-worker=262144"
    "memorysetup-temp-allocator-size-gi-baking-worker=262144"
    "memorysetup-temp-allocator-size-gi-baking-worker=262144"
    "memorysetup-temp-allocator-size-gi-baking-worker=262144"
    "memorysetup-temp-allocator-size-nav-mesh-worker=65536"
    "memorysetup-temp-allocator-size-audio-worker=65536"
    "memorysetup-temp-allocator-size-cloud-worker=32768"
    "memorysetup-temp-allocator-size-preload-manager=33554432"
    "memorysetup-remapper-allocator-initial-capacity=32768"
    "memorysetup-temp-allocator-size-gfx=262144"
    "memorysetup-allocator-temp-initial-block-size-main=262144"
    "memorysetup-allocator-temp-initial-block-size-worker=262144"
    "memorysetup-temp-allocator-size-background-worker=32768"
    "memorysetup-temp-allocator-size-job-worker=262144"
    "memorysetup-bucket-allocator-granularity=16"
    "memorysetup-bucket-allocator-bucket-count=8"
    "memorysetup-bucket-allocator-block-size=33554432"
    "memorysetup-bucket-allocator-block-count=8"
    "memorysetup-main-allocator-block-size=16777216"
    "memorysetup-thread-allocator-block-size=16777216"
    "memorysetup-main-allocator-mimalloc-enabled=1"
    "memorysetup-gfx-main-allocator-block-size=16777216"
    "memorysetup-gfx-thread-allocator-block-size=16777216"
    "memorysetup-cache-allocator-block-size=4194304"
    "memorysetup-typetree-allocator-block-size=2097152"
    "memorysetup-profiler-bucket-allocator-granularity=16"
    "memorysetup-profiler-bucket-allocator-bucket-count=8"
    "memorysetup-profiler-bucket-allocator-block-size=33554432"
    "memorysetup-profiler-bucket-allocator-block-count=8"
    "memorysetup-profiler-allocator-block-size=16777216"
    "memorysetup-profiler-editor-allocator-block-size=1048576"
    "memorysetup-temp-allocator-size-main=16777216"
    "memorysetup-job-temp-allocator-block-size=2097152"
    "memorysetup-job-temp-allocator-block-size-background=1048576"
    "memorysetup-job-temp-allocator-reduction-small-platforms=262144"
Player connection [8273092992]  Target information:

Player connection [8273092992]  * "[IP] 127.0.2.2 [Port] 0 [Flags] 2 [Guid] 3723853383 [EditorId] 3723853383 [Version] 1048832 [Id] OSXEditor(0,Shadmans-MacBook-Pro.local) [Debug] 1 [PackageName] OSXEditor [ProjectName] Editor" 

Player connection [8273092992]  * "[IP] 127.0.2.3 [Port] 0 [Flags] 2 [Guid] 3723853383 [EditorId] 3723853383 [Version] 1048832 [Id] OSXEditor(0,Shadmans-MacBook-Pro.local) [Debug] 1 [PackageName] OSXEditor [ProjectName] Editor" 

Player connection [8273092992]  * "[IP] 100.103.144.74 [Port] 0 [Flags] 2 [Guid] 3723853383 [EditorId] 3723853383 [Version] 1048832 [Id] OSXEditor(0,Shadmans-MacBook-Pro.local) [Debug] 1 [PackageName] OSXEditor [ProjectName] Editor" 

Player connection [8273092992]  * "[IP] 172.16.0.2 [Port] 0 [Flags] 2 [Guid] 3723853383 [EditorId] 3723853383 [Version] 1048832 [Id] OSXEditor(0,Shadmans-MacBook-Pro.local) [Debug] 1 [PackageName] OSXEditor [ProjectName] Editor" 

Player connection [8273092992] Host joined multi-casting on [225.0.0.222:54997]...
Player connection [8273092992] Host joined alternative multi-casting on [225.0.0.222:34997]...
JobSystem: Creating JobQueue using job-worker-count value 4
Input System module state changed to: Initialized.
[Physics::Module] Initialized fallback backend.
[Physics::Module] Id: 0xdecafbad
Initialising UDS system complete:
  - System type: Client
  - Resource namespace: c95392a07015f6e02411e91123f04d9d
  - Shared memory size: 1073741824
  - Command buffer id: 1052672
  - Command buffer size: 8192
  - Hashmap size: 4194304
  - Service connected: true
  - Service working directory: Library/DataStore/
Library Redirect Path: Library/
[Physics::Module] Selected backend.
[Physics::Module] Name: PhysX
[Physics::Module] Id: 0xf2b8ea05
[Physics::Module] SDK Version: 4.1.2
[Physics::Module] Integration Version: 1.0.0
[Physics::Module] Threading Mode: Multi-Threaded
Refreshing native plugins compatible for Editor in 9.38 ms, found 10 plugins.
Initialize engine version: 6000.6.0f1 (f7f8ed4d1e24)
[EntityIdStore] init: VM path (explicit commit), pageSize=16384, blockCount=262144, entitiesPerBlock=1024, slots reserved=4294967296 bytes
[Subsystems] Discovering subsystems at path /Applications/Unity/Hub/Editor/6000.6.0f1/Unity.app/Contents/Resources/UnitySubsystems
[Subsystems] Discovering subsystems at path /Users/ariq/Code/Unity Practice/Prac1/Assets
Forcing GfxDevice: Metal
GfxDevice: creating device client; kGfxThreadingModeNonThreaded
 preferred device: Apple M5 (high power)
Metal devices available: 1
0: Apple M5 (high power)
Using device Apple M5 (high power)
Initializing Metal device caps: Apple M5
Mac GPU Family: 2
Apple GPU Family: 9
MSL Version: 3.0
Has Float MSAA: 1
Has Float Filtering: 1
ReadWrite Texture Tier: 2
Initialize mono
Mono path[0] = '/Applications/Unity/Hub/Editor/6000.6.0f1/Unity.app/Contents/Resources/Scripting/Managed'
Mono path[1] = '/Applications/Unity/Hub/Editor/6000.6.0f1/Unity.app/Contents/Resources/Scripting/BCLExtensions/runtime/netstandard2.1'
Mono path[2] = '/Applications/Unity/Hub/Editor/6000.6.0f1/Unity.app/Contents/Resources/Scripting/MonoBleedingEdge/lib/mono/unityjit-macos'
Mono config path = '/Applications/Unity/Hub/Editor/6000.6.0f1/Unity.app/Contents/Resources/Scripting/MonoBleedingEdge/etc'
Using monoOptions --debugger-agent=transport=dt_socket,embedding=1,server=y,suspend=n,address=127.0.0.1:56610
CodeReloadManager initialized
[Licensing::Client] Handshaking with LicensingClient:
  Version:                 1.18.3+d7ffd15
  Session Id:              a8bce4deecce4e4e8d3b14ed58b6cd27
  Correlation Id:          bb53c59b72204e45482ff0c7cefdf7bc
  External correlation Id: 4340119560532433460
  Machine Id:              EvBO0VdNJZ9vYdiVVTgd+fZZnCM=
[Licensing::Module] Successfully connected to LicensingClient on channel: "LicenseClient-ariq" (connect: 0.00s, validation: 0.00s, handshake: 0.37s)
[Licensing::IpcConnector] Successfully connected to: "LicenseClient-ariq-notifications" at "2026-10-04T12:26:25.965945Z"
[Licensing::Module] Licensing Background thread has ended after 0.37s
Begin MonoManager ReloadAssembly
Registering precompiled unity dll's ...
Register platform support module: /Applications/Unity/Hub/Editor/6000.6.0f1/PlaybackEngines/WebGLSupport/UnityEditor.WebGL.Extensions.dll
Register platform support module: /Applications/Unity/Hub/Editor/6000.6.0f1/PlaybackEngines/MacStandaloneSupport/UnityEditor.OSXStandalone.Extensions.dll
[Licensing::Client] Successfully resolved entitlement details
[Licensing::Module] License group:
  Id: 16768404542442-UnityPersXXXX
  Product: Unity Personal
  Type: Assigned
  Expiration: Unlimited
Register platform support module: /Applications/Unity/Hub/Editor/6000.6.0f1/PlaybackEngines/AndroidPlayer/UnityEditor.Android.Extensions.dll
Registered in 0.001749 seconds.
Native extension for Android target not found
Native extension for OSXStandalone target not found
Native extension for WebGL target not found
Package Manager log level set to [2]
[Package Manager] Failed to launch server process. Reason: Unity was launched with the -noUpm command-line argument
[Package Manager] Unable to send message (not connected to server process).
[Package Manager] Cannot connect to Unity Package Manager local server
ScheduleIndexationOnStartup MainProcess:False IndexOnStartup:True
Scripting: successfully reloaded assembly
- Finished resetting the current domain, in  0.374 seconds
Domain Reload Profiling: 619ms
	BeginReloadAssembly (49ms)
	RebuildCommonClasses (3ms)
	RebuildNativeTypeToScriptingClass (8ms)
	initialDomainReloadingComplete (32ms)
	LoadAllAssembliesAndSetupDomain (152ms)
		LoadAssemblies (49ms)
		TypeCache.Refresh (109ms)
			TypeCache.ScanAssembly (100ms)
		AnalyzeDomain (1ms)
	FinalizeReload (374ms)
		SetupLoadedEditorAssemblies (0ms)
			InitializePlatformSupportModulesInManaged (4ms)
			BeforeProcessingInitializeOnLoad (46ms)
			ProcessInitializeOnLoadAttributes (38ms)
			ProcessInitializeOnLoadMethodAttributes (236ms)
Initializing Unity extensions:
[Licensing::Client] Successfully resolved entitlement details
[CoreBusinessMetrics] Unexpected thread when updating session info.
[CoreBusinessMetrics] Unexpected thread when updating session info.
========================================================================
Worker process is ready to serve import requests
Import Worker Mode flag is 0x00
Begin MonoManager ReloadAssembly
Symbol file LoadedFromMemory is not a mono symbol file
'Packages/com.unity.render-pipelines.core/Editor/Deprecated.cs' contains partial class of Unity.Object, exactly 1 of the partial classes needs to be in a file with the same filename. This is to know the one that can be referenced from ie. GameObjects
'Packages/com.unity.render-pipelines.core/Editor/Deprecated.cs' contains partial class of Unity.Object, exactly 1 of the partial classes needs to be in a file with the same filename. This is to know the one that can be referenced from ie. GameObjects
Native extension for Android target not found
Native extension for OSXStandalone target not found
Native extension for WebGL target not found
[Package Manager] Failed to launch server process. Reason: Unity was launched with the -noUpm command-line argument
[Package Manager] Unable to send message (not connected to server process).
[Package Manager] Cannot connect to Unity Package Manager local server
Refreshing native plugins compatible for Editor in 2.51 ms, found 10 plugins.
[Package Manager] Failed to launch server process. Reason: Unity was launched with the -noUpm command-line argument
[Package Manager] Unable to send message (not connected to server process).
[Package Manager] Cannot connect to Unity Package Manager local server
System.Exception: Error! Visual Scripting: couldn't find visual scripting package
  at Unity.VisualScripting.PackageVersionUtility.get_version () [0x00043] in ./Library/PackageCache/com.unity.visualscripting@4edfcc09512f/Editor/VisualScripting.Core/Utilities/PackageVersionUtility.cs:31 
  at Unity.VisualScripting.BoltCoreManifest.get_version () [0x00000] in ./Library/PackageCache/com.unity.visualscripting@4edfcc09512f/Editor/VisualScripting.Core/Plugin/BoltCoreManifest.cs:11 
  at Unity.VisualScripting.PluginManifest.get_currentVersion () [0x00000] in ./Library/PackageCache/com.unity.visualscripting@4edfcc09512f/Editor/VisualScripting.Core/Plugins/PluginManifest.cs:33 
  at Unity.VisualScripting.PluginManifest.get_versionMismatch () [0x00000] in ./Library/PackageCache/com.unity.visualscripting@4edfcc09512f/Editor/VisualScripting.Core/Plugins/PluginManifest.cs:48 
  at Unity.VisualScripting.PluginContainer.Initialize () [0x00525] in ./Library/PackageCache/com.unity.visualscripting@4edfcc09512f/Editor/VisualScripting.Core/Plugins/PluginContainer.cs:208 
  at Unity.VisualScripting.PluginContainer.InitializeOnLoad () [0x00009] in ./Library/PackageCache/com.unity.visualscripting@4edfcc09512f/Editor/VisualScripting.Core/Plugins/PluginContainer.cs:32 
  at Unity.VisualScripting.VSUsageUtility.DoInitializeOnLoadCalls () [0x00034] in ./Library/PackageCache/com.unity.visualscripting@4edfcc09512f/Editor/VisualScripting.Core/Utilities/VSUsageUtility.cs:76 
  at Unity.VisualScripting.VSUsageUtility.set_isVisualScriptingUsed (System.Boolean value) [0x0002c] in ./Library/PackageCache/com.unity.visualscripting@4edfcc09512f/Editor/VisualScripting.Core/Utilities/VSUsageUtility.cs:114 
  at Unity.VisualScripting.VSUsageUtility.CheckAndSetIsVisualScriptingUsed () [0x00032] in ./Library/PackageCache/com.unity.visualscripting@4edfcc09512f/Editor/VisualScripting.Core/Utilities/VSUsageUtility.cs:48 
  at Unity.VisualScripting.VSUsageUtility..cctor () [0x00000] in ./Library/PackageCache/com.unity.visualscripting@4edfcc09512f/Editor/VisualScripting.Core/Utilities/VSUsageUtility.cs:22 
UnityEngine.Debug:ExtractStackTraceNoAlloc (byte*,int,string)
UnityEngine.StackTraceUtility:ExtractStackTrace () (at /Users/bokken/build/output/unity/unity/Runtime/Export/Scripting/StackTrace.cs:23)
UnityEngine.DebugLogHandler:Internal_Log (UnityEngine.LogType,UnityEngine.LogOption,string,UnityEngine.Object)
UnityEngine.DebugLogHandler:LogFormat (UnityEngine.LogType,UnityEngine.Object,string,object[])
UnityEngine.Logger:Log (UnityEngine.LogType,object)
UnityEngine.Debug:LogError (object)
UnityEditor.EditorAssemblies:ProcessInitializeOnLoadAttributes (System.ReadOnlySpan`1<intptr>) (at /Users/bokken/build/output/unity/unity/Editor/Mono/EditorAssemblies.cs:142)

(Filename: /Users/bokken/build/output/unity/unity/Editor/Mono/EditorAssemblies.cs Line: 142)

ScheduleIndexationOnStartup MainProcess:False IndexOnStartup:True
Scripting: successfully reloaded assembly
[Package Manager] Failed to launch server process. Reason: Unity was launched with the -noUpm command-line argument
[Package Manager] Unable to send message (not connected to server process).
[Package Manager] Cannot connect to Unity Package Manager local server
[Package Manager] Failed to launch server process. Reason: Unity was launched with the -noUpm command-line argument
[Package Manager] Unable to send message (not connected to server process).
[Package Manager] Cannot connect to Unity Package Manager local server
- Finished resetting the current domain, in  0.853 seconds
Domain Reload Profiling: 1318ms
	BeginReloadAssembly (88ms)
		DisableScriptedObjects (3ms)
		CreateAndSetChildDomain (12ms)
	RebuildCommonClasses (4ms)
	RebuildNativeTypeToScriptingClass (8ms)
	initialDomainReloadingComplete (35ms)
	LoadAllAssembliesAndSetupDomain (331ms)
		LoadAssemblies (134ms)
		TypeCache.Refresh (135ms)
			TypeCache.ScanAssembly (121ms)
		AnalyzeDomain (32ms)
			BuildScriptInfoCaches (29ms)
	FinalizeReload (853ms)
		SetupLoadedEditorAssemblies (0ms)
			InitializePlatformSupportModulesInManaged (3ms)
			BeforeProcessingInitializeOnLoad (53ms)
			ProcessInitializeOnLoadAttributes (586ms)
			ProcessInitializeOnLoadMethodAttributes (85ms)
		AwakeInstancesAfterBackupRestoration (3ms)
AcceleratorClientConnectionCallback - disconnected - :0
WARNING: Shader Unsupported: 'Universal Render Pipeline/VR/SpatialMapping/Wireframe' - All subshaders removed
WARNING: Shader Did you use #pragma only_renderers and omit this platform?
WARNING: Shader If subshaders removal was intentional, you may have forgotten turning Fallback off?
Shader Hidden/ChartRasterizerHardware is not supported: GPU does not support conservative rasterization
Shader Hidden/ChartRasterizerHardware is not supported: GPU does not support conservative rasterization
Launching external process: /Applications/Unity/Hub/Editor/6000.6.0f1/Unity.app/Contents/Helpers/UnityShaderCompiler
Launched and connected shader compiler UnityShaderCompiler after 0.01 seconds
Refreshing native plugins compatible for Editor in 3.08 ms, found 10 plugins.
Unloading 63 Unused Serialized files (Serialized files now loaded: 0)
Unloading 7405 unused Assets / (5.9 MB). Loaded Objects now: 8303.
Memory consumption went from 193.4 MB to 187.4 MB.
Total: 24.593833 ms (FindLiveObjects: 1.153375 ms CreateObjectMapping: 0.466541 ms MarkObjects: 18.859125 ms  DeleteObjects: 3.931833 ms)

========================================================================
Received Prepare
AcceleratorClientConnectionCallback - disconnected - :0
WARNING: Shader Unsupported: 'Universal Render Pipeline/VR/SpatialMapping/Wireframe' - All subshaders removed
WARNING: Shader Did you use #pragma only_renderers and omit this platform?
WARNING: Shader If subshaders removal was intentional, you may have forgotten turning Fallback off?
Shader Hidden/ChartRasterizerHardware is not supported: GPU does not support conservative rasterization
Refreshing native plugins compatible for Editor in 6.14 ms, found 10 plugins.
Unloading 62 Unused Serialized files (Serialized files now loaded: 0)
Unloading 62 unused Assets / (5.1 MB). Loaded Objects now: 8303.
Memory consumption went from 187.7 MB to 182.6 MB.
Total: 13.009875 ms (FindLiveObjects: 0.221667 ms CreateObjectMapping: 0.058667 ms MarkObjects: 11.863333 ms  DeleteObjects: 0.782958 ms)

Prepare: number of updated asset objects reloaded= 48
========================================================================
Received Import Request.
  Time of request: 2026-10-04T12:26:56.214703Z
  Time since last request: 1540769.78964954102412 seconds.
  importAddress: GUID: a13e7db61148249f1bc7e9792007ba04 - Path: Packages/com.unity.xr.mock-hmd/Editor/MockHMDBuildProcessor.cs - Importer: ScriptedImporter/UnityEditor.QuickSearchModule:UnityEditor.Search:ASIAI0B
Importing 'GUID: a13e7db61148249f1bc7e9792007ba04 - Path: Packages/com.unity.xr.mock-hmd/Editor/MockHMDBuildProcessor.cs - Importer: ScriptedImporter/UnityEditor.QuickSearchModule:UnityEditor.Search:ASIAI0B' with importer (ScriptedImporter : UnityEditor.QuickSearchModule:UnityEditor.Search:ASIAI0B)
Imported 'GUID: a13e7db61148249f1bc7e9792007ba04' -> (Import Result ID: '19e3699b3aa1b31d84660a50fb256eaf') in 0.066 seconds [static and dynamic dependencies]. Details - ImportResultOutputID=6a69d8af62b7854f2e4f79388270ded5 DependenciesID=35ec93b9052db7985cac7b37542ac117 StaticDependenciesID=c335f777de1192d2cfb7abdb4de98f85 
Number of updated asset objects reloaded before import = 0
Number of asset objects unloaded after import = 0
========================================================================
Received Import Request.
  Time of request: 2026-10-04T12:26:56.302155Z
  Time since last request: 0.000165667 seconds.
  importAddress: GUID: 34bec1b484694669838fb26480d1ca3a - Path: Packages/com.unity.xr.mock-hmd/Runtime/ios - Importer: ScriptedImporter/UnityEditor.QuickSearchModule:UnityEditor.Search:ASIAI0B
Importing 'GUID: 34bec1b484694669838fb26480d1ca3a - Path: Packages/com.unity.xr.mock-hmd/Runtime/ios - Importer: ScriptedImporter/UnityEditor.QuickSearchModule:UnityEditor.Search:ASIAI0B' with importer (ScriptedImporter : UnityEditor.QuickSearchModule:UnityEditor.Search:ASIAI0B)
Imported 'GUID: 34bec1b484694669838fb26480d1ca3a' -> (Import Result ID: 'ac928f7c5660f0e47af88dccfe25a7f1') in 0.003 seconds [static and dynamic dependencies]. Details - ImportResultOutputID=82d30feeca69a87c9e101393a8b1c040 DependenciesID=18cad8753e278c4f42d17598bfdee3f3 StaticDependenciesID=8ec686845407e4242ad39416ddafea86 
Number of updated asset objects reloaded before import = 0
Number of asset objects unloaded after import = 1
========================================================================
Received Import Request.
  Time of request: 2026-10-04T12:26:56.3104Z
  Time since last request: 0.00044225 seconds.
  importAddress: GUID: e6c136c3775c44f28a16b63e9dbaee74 - Path: Packages/com.unity.xr.mock-hmd/Runtime/osx/x64/UnityMockHMD.dylib - Importer: ScriptedImporter/UnityEditor.QuickSearchModule:UnityEditor.Search:ASIAI0B
Importing 'GUID: e6c136c3775c44f28a16b63e9dbaee74 - Path: Packages/com.unity.xr.mock-hmd/Runtime/osx/x64/UnityMockHMD.dylib - Importer: ScriptedImporter/UnityEditor.QuickSearchModule:UnityEditor.Search:ASIAI0B' with importer (ScriptedImporter : UnityEditor.QuickSearchModule:UnityEditor.Search:ASIAI0B)
Imported 'GUID: e6c136c3775c44f28a16b63e9dbaee74' -> (Import Result ID: '06268699aa4a645feeb771f95d0ee3a1') in 0.005 seconds [static and dynamic dependencies]. Details - ImportResultOutputID=7d59298ddc50069da53a20abba6c50cc DependenciesID=be748c0db25845d32e3423c91e596f61 StaticDependenciesID=65fa967c102e9564b56f037b8a2b79ae 
Number of updated asset objects reloaded before import = 0
Number of asset objects unloaded after import = 0
========================================================================
Received Import Request.
  Time of request: 2026-10-04T12:26:56.320724Z
  Time since last request: 0.000240125 seconds.
  importAddress: GUID: 3c470321b31c4406a5079a3bf5fe233d - Path: Packages/com.unity.xr.mock-hmd/Runtime/windows/x64 - Importer: ScriptedImporter/UnityEditor.QuickSearchModule:UnityEditor.Search:ASIAI0B
Importing 'GUID: 3c470321b31c4406a5079a3bf5fe233d - Path: Packages/com.unity.xr.mock-hmd/Runtime/windows/x64 - Importer: ScriptedImporter/UnityEditor.QuickSearchModule:UnityEditor.Search:ASIAI0B' with importer (ScriptedImporter : UnityEditor.QuickSearchModule:UnityEditor.Search:ASIAI0B)
Imported 'GUID: 3c470321b31c4406a5079a3bf5fe233d' -> (Import Result ID: '20410a988e1ecceb08833e433d2399aa') in 0.001 seconds [static and dynamic dependencies]. Details - ImportResultOutputID=4d02c347abb3a03ba4c286993ab2b8ce DependenciesID=ca6f7e6f6c7d542e28b1a4b75032e9d7 StaticDependenciesID=027c10af4b4aa4a55258b3ffaa52b1de 
Number of updated asset objects reloaded before import = 0
Number of asset objects unloaded after import = 1
========================================================================
Received Import Request.
  Time of request: 2026-10-04T12:26:56.326532Z
  Time since last request: 0.000196292 seconds.
  importAddress: GUID: fadaf32dfbc84c2a9b20e0c225c0b903 - Path: Packages/com.unity.xr.mock-hmd/Runtime/android/arm64 - Importer: ScriptedImporter/UnityEditor.QuickSearchModule:UnityEditor.Search:ASIAI0B
Importing 'GUID: fadaf32dfbc84c2a9b20e0c225c0b903 - Path: Packages/com.unity.xr.mock-hmd/Runtime/android/arm64 - Importer: ScriptedImporter/UnityEditor.QuickSearchModule:UnityEditor.Search:ASIAI0B' with importer (ScriptedImporter : UnityEditor.QuickSearchModule:UnityEditor.Search:ASIAI0B)
Imported 'GUID: fadaf32dfbc84c2a9b20e0c225c0b903' -> (Import Result ID: '08066830c8f57433994f1c19650e682d') in 0.001 seconds [static and dynamic dependencies]. Details - ImportResultOutputID=6e32a772e721e43dd2d06452bff900b8 DependenciesID=27231cc6a0d24c3837f8b653bf3875b5 StaticDependenciesID=d9aa8d227674359d1d40a66069f5b1a6 
Number of updated asset objects reloaded before import = 0
Number of asset objects unloaded after import = 1
========================================================================
Received Import Request.
  Time of request: 2026-10-04T12:26:56.331761Z
  Time since last request: 0.000191667 seconds.
  importAddress: GUID: 34cadc1c15d954c92adf19da8607ec31 - Path: Assets/XR/Settings/MockHMDBuildSettings.asset - Importer: ScriptedImporter/UnityEditor.QuickSearchModule:UnityEditor.Search:ASIAI0B
Importing 'GUID: 34cadc1c15d954c92adf19da8607ec31 - Path: Assets/XR/Settings/MockHMDBuildSettings.asset - Importer: ScriptedImporter/UnityEditor.QuickSearchModule:UnityEditor.Search:ASIAI0B' with importer (ScriptedImporter : UnityEditor.QuickSearchModule:UnityEditor.Search:ASIAI0B)
Imported 'GUID: 34cadc1c15d954c92adf19da8607ec31' -> (Import Result ID: 'b66c64cf58272a2c09100163c133bb33') in 0.009 seconds [static and dynamic dependencies]. Details - ImportResultOutputID=8148ea5fe72eac10c26f57e83a12e983 DependenciesID=c3c5c2fedd4fe235daf57db57dbcaf36 StaticDependenciesID=82a1b75fcff57777bbea76ce8e0f6337 
Number of updated asset objects reloaded before import = 0
Number of asset objects unloaded after import = 1
========================================================================
Received Import Request.
  Time of request: 2026-10-04T12:26:56.346237Z
  Time since last request: 0.000362791 seconds.
  importAddress: GUID: ff45b4cb0884442a187a7b0314897cfe - Path: Packages/com.unity.xr.mock-hmd/CHANGELOG.md - Importer: ScriptedImporter/UnityEditor.QuickSearchModule:UnityEditor.Search:ASIAI0B
Importing 'GUID: ff45b4cb0884442a187a7b0314897cfe - Path: Packages/com.unity.xr.mock-hmd/CHANGELOG.md - Importer: ScriptedImporter/UnityEditor.QuickSearchModule:UnityEditor.Search:ASIAI0B' with importer (ScriptedImporter : UnityEditor.QuickSearchModule:UnityEditor.Search:ASIAI0B)
Imported 'GUID: ff45b4cb0884442a187a7b0314897cfe' -> (Import Result ID: '2a8c8b4b2a46b7437d0a2c3959bbfb11') in 0.001 seconds [static and dynamic dependencies]. Details - ImportResultOutputID=9dfc38cbfbd7c6eeb6051336758dd873 DependenciesID=64c9bf9abca3ac21d66e9a49d5220bda StaticDependenciesID=f53112e4406cf6e7b7d1c12bbc3553c9 
Number of updated asset objects reloaded before import = 0
Number of asset objects unloaded after import = 1
========================================================================
Received Import Request.
  Time of request: 2026-10-04T12:26:56.352118Z
  Time since last request: 0.000282584 seconds.
  importAddress: GUID: 3572f15c2b5c4f0cb7a8a2d8cf635c7a - Path: Packages/com.unity.xr.mock-hmd/Runtime/windows - Importer: ScriptedImporter/UnityEditor.QuickSearchModule:UnityEditor.Search:ASIAI0B
Importing 'GUID: 3572f15c2b5c4f0cb7a8a2d8cf635c7a - Path: Packages/com.unity.xr.mock-hmd/Runtime/windows - Importer: ScriptedImporter/UnityEditor.QuickSearchModule:UnityEditor.Search:ASIAI0B' with importer (ScriptedImporter : UnityEditor.QuickSearchModule:UnityEditor.Search:ASIAI0B)
Imported 'GUID: 3572f15c2b5c4f0cb7a8a2d8cf635c7a' -> (Import Result ID: '525e6f329bf8c142afbded216bcb2424') in 0.001 seconds [static and dynamic dependencies]. Details - ImportResultOutputID=0fa7787a63a61e99586a84add7451189 DependenciesID=e9b3a04900b091eebcb0306beec6a902 StaticDependenciesID=d2acf392dee1cbfcb4978b3103f99954 
Number of updated asset objects reloaded before import = 0
Number of asset objects unloaded after import = 1
========================================================================
Received Import Request.
  Time of request: 2026-10-04T12:26:56.35752Z
  Time since last request: 0.000340458 seconds.
  importAddress: GUID: 0d162614407ce45dbb843cac1e93f8cd - Path: Packages/com.unity.xr.mock-hmd/Tests/Editor/EditorTests.cs - Importer: ScriptedImporter/UnityEditor.QuickSearchModule:UnityEditor.Search:ASIAI0B
Importing 'GUID: 0d162614407ce45dbb843cac1e93f8cd - Path: Packages/com.unity.xr.mock-hmd/Tests/Editor/EditorTests.cs - Importer: ScriptedImporter/UnityEditor.QuickSearchModule:UnityEditor.Search:ASIAI0B' with importer (ScriptedImporter : UnityEditor.QuickSearchModule:UnityEditor.Search:ASIAI0B)
Imported 'GUID: 0d162614407ce45dbb843cac1e93f8cd' -> (Import Result ID: '5689e3c56d4143a02ba7d917dc3d9e6c') in 0.002 seconds [static and dynamic dependencies]. Details - ImportResultOutputID=2964b9ee0886411c9fb806c324f402ed DependenciesID=5a4c982cd8eaeb44eff3ea4988d156e9 StaticDependenciesID=b5cee5ed082fd5f8cd057e79865d000d 
Number of updated asset objects reloaded before import = 0
Number of asset objects unloaded after import = 0
========================================================================
Received Import Request.
  Time of request: 2026-10-04T12:26:56.36472Z
  Time since last request: 0.000317709 seconds.
  importAddress: GUID: aea39cf404cc1d195d0b124d865a4cea - Path: Packages/com.unity.xr.mock-hmd - Importer: ScriptedImporter/UnityEditor.QuickSearchModule:UnityEditor.Search:ASIAI0B
Importing 'GUID: aea39cf404cc1d195d0b124d865a4cea - Path: Packages/com.unity.xr.mock-hmd - Importer: ScriptedImporter/UnityEditor.QuickSearchModule:UnityEditor.Search:ASIAI0B' with importer (ScriptedImporter : UnityEditor.QuickSearchModule:UnityEditor.Search:ASIAI0B)
Imported 'GUID: aea39cf404cc1d195d0b124d865a4cea' -> (Import Result ID: '8a8e0aac04919a3c56cca9d8eb1347fb') in 0.001 seconds [static and dynamic dependencies]. Details - ImportResultOutputID=6e564890c74c7a36163df79afb9881b3 DependenciesID=345100a97b94df41e8abfbc467fa7e79 StaticDependenciesID=0cf86f204fd60bce601d8d88bdf6c2ba 
Number of updated asset objects reloaded before import = 0
Number of asset objects unloaded after import = 1
========================================================================
Received Import Request.
  Time of request: 2026-10-04T12:26:56.36986Z
  Time since last request: 0.000183375 seconds.
  importAddress: GUID: 9ac39955019e92f40ab924eeaaaaaf95 - Path: Packages/com.unity.xr.mock-hmd/Editor/MultiCamera/AddCameraWindow.cs - Importer: ScriptedImporter/UnityEditor.QuickSearchModule:UnityEditor.Search:ASIAI0B
Importing 'GUID: 9ac39955019e92f40ab924eeaaaaaf95 - Path: Packages/com.unity.xr.mock-hmd/Editor/MultiCamera/AddCameraWindow.cs - Importer: ScriptedImporter/UnityEditor.QuickSearchModule:UnityEditor.Search:ASIAI0B' with importer (ScriptedImporter : UnityEditor.QuickSearchModule:UnityEditor.Search:ASIAI0B)
Imported 'GUID: 9ac39955019e92f40ab924eeaaaaaf95' -> (Import Result ID: 'cc45e79d13f0dab1516e55f8b94de38d') in 0.000 seconds [static and dynamic dependencies]. Details - ImportResultOutputID=cbf8aee14c008c36b797c91138522b8f DependenciesID=580c260498cb5ca06932f5c9694edf83 StaticDependenciesID=d3431f2a0ca2063ec5b52a7572346230 
Number of updated asset objects reloaded before import = 0
Number of asset objects unloaded after import = 0
========================================================================
Received Import Request.
  Time of request: 2026-10-04T12:26:56.375159Z
  Time since last request: 0.000379 seconds.
  importAddress: GUID: aea7ed1b6dc6745d5ae848b21159c170 - Path: Packages/com.unity.xr.mock-hmd/Tests/Editor/Unity.XR.MockHMD.Editor.Tests.asmdef - Importer: ScriptedImporter/UnityEditor.QuickSearchModule:UnityEditor.Search:ASIAI0B
Importing 'GUID: aea7ed1b6dc6745d5ae848b21159c170 - Path: Packages/com.unity.xr.mock-hmd/Tests/Editor/Unity.XR.MockHMD.Editor.Tests.asmdef - Importer: ScriptedImporter/UnityEditor.QuickSearchModule:UnityEditor.Search:ASIAI0B' with importer (ScriptedImporter : UnityEditor.QuickSearchModule:UnityEditor.Search:ASIAI0B)
Imported 'GUID: aea7ed1b6dc6745d5ae848b21159c170' -> (Import Result ID: '287f7bab37d481d6deab048821d97756') in 0.002 seconds [static and dynamic dependencies]. Details - ImportResultOutputID=144896f5698ca9208f1067da90be48fc DependenciesID=59669f87946a71e4e17405ea0624db1c StaticDependenciesID=83f45bfaef6568535d02834100e5339a 
Number of updated asset objects reloaded before import = 0
Number of asset objects unloaded after import = 1
========================================================================
Received Import Request.
  Time of request: 2026-10-04T12:26:56.381458Z
  Time since last request: 0.000246 seconds.
  importAddress: GUID: 0660e8fc444734757ae6f6c40c2d33a0 - Path: Packages/com.unity.xr.mock-hmd/Runtime/MockHMDLoader.cs - Importer: ScriptedImporter/UnityEditor.QuickSearchModule:UnityEditor.Search:ASIAI0B
Importing 'GUID: 0660e8fc444734757ae6f6c40c2d33a0 - Path: Packages/com.unity.xr.mock-hmd/Runtime/MockHMDLoader.cs - Importer: ScriptedImporter/UnityEditor.QuickSearchModule:UnityEditor.Search:ASIAI0B' with importer (ScriptedImporter : UnityEditor.QuickSearchModule:UnityEditor.Search:ASIAI0B)
Imported 'GUID: 0660e8fc444734757ae6f6c40c2d33a0' -> (Import Result ID: 'b843fd692407452e16b32a65c1642a43') in 0.001 seconds [static and dynamic dependencies]. Details - ImportResultOutputID=9dc05e3e4c2b2d39a7e8b16ddcf1d4a5 DependenciesID=22a35876962cf70661349e87a1cc60f7 StaticDependenciesID=25d118dd7055e9b2bb1dc612839329c1 
Number of updated asset objects reloaded before import = 0
Number of asset objects unloaded after import = 0
========================================================================
Received Import Request.
  Time of request: 2026-10-04T12:26:56.387011Z
  Time since last request: 0.000190458 seconds.
  importAddress: GUID: 062eb3fcce4c4dd28eb2925f26c80d89 - Path: Packages/com.unity.xr.mock-hmd/Runtime/android/arm64/libUnityMockHMD.so - Importer: ScriptedImporter/UnityEditor.QuickSearchModule:UnityEditor.Search:ASIAI0B
Importing 'GUID: 062eb3fcce4c4dd28eb2925f26c80d89 - Path: Packages/com.unity.xr.mock-hmd/Runtime/android/arm64/libUnityMockHMD.so - Importer: ScriptedImporter/UnityEditor.QuickSearchModule:UnityEditor.Search:ASIAI0B' with importer (ScriptedImporter : UnityEditor.QuickSearchModule:UnityEditor.Search:ASIAI0B)
Imported 'GUID: 062eb3fcce4c4dd28eb2925f26c80d89' -> (Import Result ID: 'a2e8b9b040dc5ada5503246072450636') in 0.002 seconds [static and dynamic dependencies]. Details - ImportResultOutputID=7cb39a54c968862d3e3c2c7dca402d47 DependenciesID=83318ad7dcd9540333133037794ad73a StaticDependenciesID=8470b5259008ed6b5614635c7dfce9b3 
Number of updated asset objects reloaded before import = 0
Number of asset objects unloaded after import = 0
========================================================================
Received Import Request.
  Time of request: 2026-10-04T12:26:56.393473Z
  Time since last request: 0.000388417 seconds.
  importAddress: GUID: 300d793f358644dd6b0134b7520f0752 - Path: Packages/com.unity.xr.mock-hmd/Editor/Unity.XR.MockHMD.Editor.asmdef - Importer: ScriptedImporter/UnityEditor.QuickSearchModule:UnityEditor.Search:ASIAI0B
Importing 'GUID: 300d793f358644dd6b0134b7520f0752 - Path: Packages/com.unity.xr.mock-hmd/Editor/Unity.XR.MockHMD.Editor.asmdef - Importer: ScriptedImporter/UnityEditor.QuickSearchModule:UnityEditor.Search:ASIAI0B' with importer (ScriptedImporter : UnityEditor.QuickSearchModule:UnityEditor.Search:ASIAI0B)
Imported 'GUID: 300d793f358644dd6b0134b7520f0752' -> (Import Result ID: 'b9d8f5125c2f492385ff8791e78c2fef') in 0.001 seconds [static and dynamic dependencies]. Details - ImportResultOutputID=bf1bbee98b1c51fd7cb21bcd00cc0b13 DependenciesID=1254c069a74d008d317854588fcc2ef1 StaticDependenciesID=2651d3ed09ac6cdd8a905b437759a92b 
Number of updated asset objects reloaded before import = 0
Number of asset objects unloaded after import = 1
========================================================================
Received Import Request.
  Time of request: 2026-10-04T12:26:56.398868Z
  Time since last request: 0.000289041 seconds.
  importAddress: GUID: 453f4464f82264fdb9437ed42d2f2bb2 - Path: Packages/com.unity.xr.mock-hmd/Runtime/MockHMD.cs - Importer: ScriptedImporter/UnityEditor.QuickSearchModule:UnityEditor.Search:ASIAI0B
Importing 'GUID: 453f4464f82264fdb9437ed42d2f2bb2 - Path: Packages/com.unity.xr.mock-hmd/Runtime/MockHMD.cs - Importer: ScriptedImporter/UnityEditor.QuickSearchModule:UnityEditor.Search:ASIAI0B' with importer (ScriptedImporter : UnityEditor.QuickSearchModule:UnityEditor.Search:ASIAI0B)
Imported 'GUID: 453f4464f82264fdb9437ed42d2f2bb2' -> (Import Result ID: 'abf9239a3be65aaa00c3effe7dd8b297') in 0.001 seconds [static and dynamic dependencies]. Details - ImportResultOutputID=1ad03232ec20466fb93bf70c01c6f2dc DependenciesID=675fbde0b1f96a8f1aad900268dedd45 StaticDependenciesID=ef2af56cc397da13201b7447dd79fab1 
Number of updated asset objects reloaded before import = 0
Number of asset objects unloaded after import = 0
========================================================================
Received Import Request.
  Time of request: 2026-10-04T12:26:56.404546Z
  Time since last request: 0.000215625 seconds.
  importAddress: GUID: 9d27f7c2175944358812794a74b1737f - Path: Packages/com.unity.xr.mock-hmd/Runtime/ios/arm64/UnityMockHMD.a - Importer: ScriptedImporter/UnityEditor.QuickSearchModule:UnityEditor.Search:ASIAI0B
Importing 'GUID: 9d27f7c2175944358812794a74b1737f - Path: Packages/com.unity.xr.mock-hmd/Runtime/ios/arm64/UnityMockHMD.a - Importer: ScriptedImporter/UnityEditor.QuickSearchModule:UnityEditor.Search:ASIAI0B' with importer (ScriptedImporter : UnityEditor.QuickSearchModule:UnityEditor.Search:ASIAI0B)
Imported 'GUID: 9d27f7c2175944358812794a74b1737f' -> (Import Result ID: '51013a79e47638bb755d30b1f11dcdd9') in 0.004 seconds [static and dynamic dependencies]. Details - ImportResultOutputID=21f38e02e6daf251cfde5682eff862a5 DependenciesID=e23cc13ed7dc5a9d1c37e45d238302fe StaticDependenciesID=f48a70d4aeeb4672ffdd5cf88bcaf71c 
Number of updated asset objects reloaded before import = 0
Number of asset objects unloaded after import = 0
========================================================================
Received Import Request.
  Time of request: 2026-10-04T12:26:56.413419Z
  Time since last request: 0.000218834 seconds.
  importAddress: GUID: e767cc94e6dc41699bca6994dd41988e - Path: Packages/com.unity.xr.mock-hmd/Runtime/windows/x86 - Importer: ScriptedImporter/UnityEditor.QuickSearchModule:UnityEditor.Search:ASIAI0B
Importing 'GUID: e767cc94e6dc41699bca6994dd41988e - Path: Packages/com.unity.xr.mock-hmd/Runtime/windows/x86 - Importer: ScriptedImporter/UnityEditor.QuickSearchModule:UnityEditor.Search:ASIAI0B' with importer (ScriptedImporter : UnityEditor.QuickSearchModule:UnityEditor.Search:ASIAI0B)
Imported 'GUID: e767cc94e6dc41699bca6994dd41988e' -> (Import Result ID: 'cb4b633c6d29dc450a55276d20c796a9') in 0.001 seconds [static and dynamic dependencies]. Details - ImportResultOutputID=d6ac54218a0c9d9a1739b4677740d0ea DependenciesID=191c5eaac2f855a462ab5e9a9d5ac377 StaticDependenciesID=b02fbbd3263d7d5289b605ebb8d915cb 
Number of updated asset objects reloaded before import = 0
Number of asset objects unloaded after import = 1
========================================================================
Received Import Request.
  Time of request: 2026-10-04T12:26:56.419628Z
  Time since last request: 0.000309875 seconds.
  importAddress: GUID: e19f8d5e1a68464a9d133c0be611004b - Path: Packages/com.unity.xr.mock-hmd/Runtime/osx/arm64 - Importer: ScriptedImporter/UnityEditor.QuickSearchModule:UnityEditor.Search:ASIAI0B
Importing 'GUID: e19f8d5e1a68464a9d133c0be611004b - Path: Packages/com.unity.xr.mock-hmd/Runtime/osx/arm64 - Importer: ScriptedImporter/UnityEditor.QuickSearchModule:UnityEditor.Search:ASIAI0B' with importer (ScriptedImporter : UnityEditor.QuickSearchModule:UnityEditor.Search:ASIAI0B)
Imported 'GUID: e19f8d5e1a68464a9d133c0be611004b' -> (Import Result ID: '7fd875f8b33380981a04e3b060f9ae18') in 0.002 seconds [static and dynamic dependencies]. Details - ImportResultOutputID=05893115bfd0076d08b16d471f51195f DependenciesID=c695910b996ab7b7359039aaf3015145 StaticDependenciesID=54fc431c51b4761bc845b2583bbe4c3e 
Number of updated asset objects reloaded before import = 0
Number of asset objects unloaded after import = 1
========================================================================
Received Import Request.
  Time of request: 2026-10-04T12:26:56.426636Z
  Time since last request: 0.000354 seconds.
  importAddress: GUID: 5726c249b6fa34451b4456d77162742d - Path: Packages/com.unity.xr.mock-hmd/Tests/Runtime/RuntimeTests.cs - Importer: ScriptedImporter/UnityEditor.QuickSearchModule:UnityEditor.Search:ASIAI0B
Importing 'GUID: 5726c249b6fa34451b4456d77162742d - Path: Packages/com.unity.xr.mock-hmd/Tests/Runtime/RuntimeTests.cs - Importer: ScriptedImporter/UnityEditor.QuickSearchModule:UnityEditor.Search:ASIAI0B' with importer (ScriptedImporter : UnityEditor.QuickSearchModule:UnityEditor.Search:ASIAI0B)
Imported 'GUID: 5726c249b6fa34451b4456d77162742d' -> (Import Result ID: '724613b23f9bd03e5c8db358fb48843e') in 0.001 seconds [static and dynamic dependencies]. Details - ImportResultOutputID=96a93ac65889e4046feb1b64eaf9e990 DependenciesID=b2c75ab4a2e1419f2256fa515b7e3d7a StaticDependenciesID=a00418d830986924032b7d673b3b89b7 
Number of updated asset objects reloaded before import = 0
Number of asset objects unloaded after import = 0
========================================================================
Received Import Request.
  Time of request: 2026-10-04T12:26:56.432596Z
  Time since last request: 0.000302917 seconds.
  importAddress: GUID: 965b6306abb14c94a83226cf0bd0ce41 - Path: Packages/com.unity.xr.mock-hmd/Editor/MultiCamera - Importer: ScriptedImporter/UnityEditor.QuickSearchModule:UnityEditor.Search:ASIAI0B
Importing 'GUID: 965b6306abb14c94a83226cf0bd0ce41 - Path: Packages/com.unity.xr.mock-hmd/Editor/MultiCamera - Importer: ScriptedImporter/UnityEditor.QuickSearchModule:UnityEditor.Search:ASIAI0B' with importer (ScriptedImporter : UnityEditor.QuickSearchModule:UnityEditor.Search:ASIAI0B)
Imported 'GUID: 965b6306abb14c94a83226cf0bd0ce41' -> (Import Result ID: 'f3d0a8bf2f97e72a5b29a26e5e75795c') in 0.001 seconds [static and dynamic dependencies]. Details - ImportResultOutputID=584149fd432f15770936dfc29550ee1c DependenciesID=9e58f7f7e9a247fc2ee3ef305e572d90 StaticDependenciesID=1c2114e56e0ab22ce3ac530fe098ae22 
Number of updated asset objects reloaded before import = 0
Number of asset objects unloaded after import = 1
========================================================================
Received Import Request.
  Time of request: 2026-10-04T12:26:56.438601Z
  Time since last request: 0.000188667 seconds.
  importAddress: GUID: 80dac53acb2e3447ba24d6703cd7a1e4 - Path: Packages/com.unity.xr.mock-hmd/package.json - Importer: ScriptedImporter/UnityEditor.QuickSearchModule:UnityEditor.Search:ASIAI0B
Importing 'GUID: 80dac53acb2e3447ba24d6703cd7a1e4 - Path: Packages/com.unity.xr.mock-hmd/package.json - Importer: ScriptedImporter/UnityEditor.QuickSearchModule:UnityEditor.Search:ASIAI0B' with importer (ScriptedImporter : UnityEditor.QuickSearchModule:UnityEditor.Search:ASIAI0B)
Imported 'GUID: 80dac53acb2e3447ba24d6703cd7a1e4' -> (Import Result ID: '767db632ab9ad0923b674358469b6316') in 0.001 seconds [static and dynamic dependencies]. Details - ImportResultOutputID=15659460d401a39781d74b1fb69b1c0a DependenciesID=ccb1bd44680a47908ea760ac3c59bd87 StaticDependenciesID=6e6ee80289caf946cda433fc89fa347e 
Number of updated asset objects reloaded before import = 0
Number of asset objects unloaded after import = 1
========================================================================
Received Import Request.
  Time of request: 2026-10-04T12:26:56.444853Z
  Time since last request: 0.000431458 seconds.
  importAddress: GUID: 8a086ed130c04b80bbdd3d082a51f852 - Path: Packages/com.unity.xr.mock-hmd/Runtime/windows/x86/UnityMockHMD.dll - Importer: ScriptedImporter/UnityEditor.QuickSearchModule:UnityEditor.Search:ASIAI0B
Importing 'GUID: 8a086ed130c04b80bbdd3d082a51f852 - Path: Packages/com.unity.xr.mock-hmd/Runtime/windows/x86/UnityMockHMD.dll - Importer: ScriptedImporter/UnityEditor.QuickSearchModule:UnityEditor.Search:ASIAI0B' with importer (ScriptedImporter : UnityEditor.QuickSearchModule:UnityEditor.Search:ASIAI0B)
Imported 'GUID: 8a086ed130c04b80bbdd3d082a51f852' -> (Import Result ID: '7e492cfdb5d2c40f47fa29c54570c893') in 0.001 seconds [static and dynamic dependencies]. Details - ImportResultOutputID=a4224ab0b7b4870fe3b92240d76d4204 DependenciesID=29fd3f6d2a2898f9f2c0ba755cdd5186 StaticDependenciesID=21fb482c1e7fa7f7642690600f2c89d7 
Number of updated asset objects reloaded before import = 0
Number of asset objects unloaded after import = 0
========================================================================
Received Import Request.
  Time of request: 2026-10-04T12:26:56.451729Z
  Time since last request: 0.000398834 seconds.
  importAddress: GUID: 0a09b40984f434e74ab6ec69a3cc26f3 - Path: Packages/com.unity.xr.mock-hmd/Tests - Importer: ScriptedImporter/UnityEditor.QuickSearchModule:UnityEditor.Search:ASIAI0B
Importing 'GUID: 0a09b40984f434e74ab6ec69a3cc26f3 - Path: Packages/com.unity.xr.mock-hmd/Tests - Importer: ScriptedImporter/UnityEditor.QuickSearchModule:UnityEditor.Search:ASIAI0B' with importer (ScriptedImporter : UnityEditor.QuickSearchModule:UnityEditor.Search:ASIAI0B)
Imported 'GUID: 0a09b40984f434e74ab6ec69a3cc26f3' -> (Import Result ID: 'eff3fe5bc3ad2c04118e6bb674bee65d') in 0.001 seconds [static and dynamic dependencies]. Details - ImportResultOutputID=b42d7951290fdb1358ab6800e4b5cf45 DependenciesID=59f476930d1a45117e98de8a3df0b8f1 StaticDependenciesID=e00c06b3c6a0bc5485916e5fbfb5bc0c 
Number of updated asset objects reloaded before import = 0
Number of asset objects unloaded after import = 1
========================================================================
Received Import Request.
  Time of request: 2026-10-04T12:26:56.457545Z
  Time since last request: 0.000208458 seconds.
  importAddress: GUID: 796799cd37544b9f931592a7c2789a51 - Path: Packages/com.unity.xr.mock-hmd/Runtime/osx/x64 - Importer: ScriptedImporter/UnityEditor.QuickSearchModule:UnityEditor.Search:ASIAI0B
Importing 'GUID: 796799cd37544b9f931592a7c2789a51 - Path: Packages/com.unity.xr.mock-hmd/Runtime/osx/x64 - Importer: ScriptedImporter/UnityEditor.QuickSearchModule:UnityEditor.Search:ASIAI0B' with importer (ScriptedImporter : UnityEditor.QuickSearchModule:UnityEditor.Search:ASIAI0B)
Imported 'GUID: 796799cd37544b9f931592a7c2789a51' -> (Import Result ID: '20f2b101133487d96aa7f436a4eefc13') in 0.001 seconds [static and dynamic dependencies]. Details - ImportResultOutputID=9656a11592a842c0bdd6be39c257b837 DependenciesID=217ba815b2b86b8f0037e4ee1343f4ed StaticDependenciesID=59012f28a3d719130820b37b951c9e61 
Number of updated asset objects reloaded before import = 0
Number of asset objects unloaded after import = 1
========================================================================
Received Import Request.
  Time of request: 2026-10-04T12:26:56.464461Z
  Time since last request: 0.000314708 seconds.
  importAddress: GUID: 1ea1010c2535e44d085dabdeb2ec759c - Path: Packages/com.unity.xr.mock-hmd/Tests/Runtime - Importer: ScriptedImporter/UnityEditor.QuickSearchModule:UnityEditor.Search:ASIAI0B
Importing 'GUID: 1ea1010c2535e44d085dabdeb2ec759c - Path: Packages/com.unity.xr.mock-hmd/Tests/Runtime - Importer: ScriptedImporter/UnityEditor.QuickSearchModule:UnityEditor.Search:ASIAI0B' with importer (ScriptedImporter : UnityEditor.QuickSearchModule:UnityEditor.Search:ASIAI0B)
Imported 'GUID: 1ea1010c2535e44d085dabdeb2ec759c' -> (Import Result ID: '1005fd70833d38b27ca4aeaadc589b14') in 0.001 seconds [static and dynamic dependencies]. Details - ImportResultOutputID=3637d7f6e946b31df86a2b499547d08b DependenciesID=2cc6cf88fb283e94dc3f934d7f206305 StaticDependenciesID=0d3c98c5ecccf4173922e6586091993c 
Number of updated asset objects reloaded before import = 0
Number of asset objects unloaded after import = 1
========================================================================
Received Import Request.
  Time of request: 2026-10-04T12:26:56.470889Z
  Time since last request: 0.00034225 seconds.
  importAddress: GUID: fe2e3064ce43401b953d932b5c29caf7 - Path: Packages/com.unity.xr.mock-hmd/Runtime/android - Importer: ScriptedImporter/UnityEditor.QuickSearchModule:UnityEditor.Search:ASIAI0B
Importing 'GUID: fe2e3064ce43401b953d932b5c29caf7 - Path: Packages/com.unity.xr.mock-hmd/Runtime/android - Importer: ScriptedImporter/UnityEditor.QuickSearchModule:UnityEditor.Search:ASIAI0B' with importer (ScriptedImporter : UnityEditor.QuickSearchModule:UnityEditor.Search:ASIAI0B)
Imported 'GUID: fe2e3064ce43401b953d932b5c29caf7' -> (Import Result ID: 'd6b63cfd3b2ef7d06891f0324ca5c05b') in 0.003 seconds [static and dynamic dependencies]. Details - ImportResultOutputID=39d3201ca11b2ec3d5ac5238c0931c33 DependenciesID=78f860267e63477a6a4bfb1b21aaadd4 StaticDependenciesID=bd407683ed356fa3b8e8b793f855294a 
Number of updated asset objects reloaded before import = 0
Number of asset objects unloaded after import = 1
========================================================================
Received Import Request.
  Time of request: 2026-10-04T12:26:56.47922Z
  Time since last request: 0.000252167 seconds.
  importAddress: GUID: 08619e971c0c7d54cb6e8918730ef68e - Path: Packages/com.unity.xr.mock-hmd/Editor/MultiCamera/RenderPassTextureWindow.cs - Importer: ScriptedImporter/UnityEditor.QuickSearchModule:UnityEditor.Search:ASIAI0B
Importing 'GUID: 08619e971c0c7d54cb6e8918730ef68e - Path: Packages/com.unity.xr.mock-hmd/Editor/MultiCamera/RenderPassTextureWindow.cs - Importer: ScriptedImporter/UnityEditor.QuickSearchModule:UnityEditor.Search:ASIAI0B' with importer (ScriptedImporter : UnityEditor.QuickSearchModule:UnityEditor.Search:ASIAI0B)
Imported 'GUID: 08619e971c0c7d54cb6e8918730ef68e' -> (Import Result ID: 'b81447723f5b785b14068da52d17b5c2') in 0.001 seconds [static and dynamic dependencies]. Details - ImportResultOutputID=c156cd66f326f891a88e2b9143ffa237 DependenciesID=f1ebc08f3a9a8c8bb50ab6dbdfdff106 StaticDependenciesID=b1bbf21d68909f1a6ec1f21414c48b27 
Number of updated asset objects reloaded before import = 0
Number of asset objects unloaded after import = 0
========================================================================
Received Import Request.
  Time of request: 2026-10-04T12:26:56.485667Z
  Time since last request: 0.000236209 seconds.
  importAddress: GUID: 349542c7fcef6d549b7e101555458365 - Path: Packages/com.unity.xr.mock-hmd/Editor/MultiCamera/AdditionalMockCameras.cs - Importer: ScriptedImporter/UnityEditor.QuickSearchModule:UnityEditor.Search:ASIAI0B
Importing 'GUID: 349542c7fcef6d549b7e101555458365 - Path: Packages/com.unity.xr.mock-hmd/Editor/MultiCamera/AdditionalMockCameras.cs - Importer: ScriptedImporter/UnityEditor.QuickSearchModule:UnityEditor.Search:ASIAI0B' with importer (ScriptedImporter : UnityEditor.QuickSearchModule:UnityEditor.Search:ASIAI0B)
Imported 'GUID: 349542c7fcef6d549b7e101555458365' -> (Import Result ID: '1766a19b7223bb5c96b8614ef6531d0a') in 0.006 seconds [static and dynamic dependencies]. Details - ImportResultOutputID=ac9f2e6575bb392d143d00064631d06d DependenciesID=606dd1eeb9c1903f70a69ab3b8574699 StaticDependenciesID=513163234bb8354eb79f8bf2c25d2b73 
Number of updated asset objects reloaded before import = 0
Number of asset objects unloaded after import = 0
========================================================================
Received Import Request.
  Time of request: 2026-10-04T12:26:56.496958Z
  Time since last request: 0.000210625 seconds.
  importAddress: GUID: 4497d913e98394ceeadd74b843644872 - Path: Packages/com.unity.xr.mock-hmd/Runtime/ios/UnityMockHMD.m - Importer: ScriptedImporter/UnityEditor.QuickSearchModule:UnityEditor.Search:ASIAI0B
Importing 'GUID: 4497d913e98394ceeadd74b843644872 - Path: Packages/com.unity.xr.mock-hmd/Runtime/ios/UnityMockHMD.m - Importer: ScriptedImporter/UnityEditor.QuickSearchModule:UnityEditor.Search:ASIAI0B' with importer (ScriptedImporter : UnityEditor.QuickSearchModule:UnityEditor.Search:ASIAI0B)
Imported 'GUID: 4497d913e98394ceeadd74b843644872' -> (Import Result ID: '1e2d621c4f37a55b02409d2d15259a82') in 0.004 seconds [static and dynamic dependencies]. Details - ImportResultOutputID=e42e8ff7ce6f7a36689c7b129f8f13de DependenciesID=fdff5bdaa332bb922886e4afb6fcc4b1 StaticDependenciesID=cabfe5eca3a6c100247354397eab01ce 
Number of updated asset objects reloaded before import = 0
Number of asset objects unloaded after import = 0
========================================================================
Received Import Request.
  Time of request: 2026-10-04T12:26:56.509631Z
  Time since last request: 0.002543959 seconds.
  importAddress: GUID: 998c120ebb19f4a62aae8a7a0e75d270 - Path: Assets/XR/Loaders/MockHMDLoader.asset - Importer: ScriptedImporter/UnityEditor.QuickSearchModule:UnityEditor.Search:ASIAI0B
Importing 'GUID: 998c120ebb19f4a62aae8a7a0e75d270 - Path: Assets/XR/Loaders/MockHMDLoader.asset - Importer: ScriptedImporter/UnityEditor.QuickSearchModule:UnityEditor.Search:ASIAI0B' with importer (ScriptedImporter : UnityEditor.QuickSearchModule:UnityEditor.Search:ASIAI0B)
Imported 'GUID: 998c120ebb19f4a62aae8a7a0e75d270' -> (Import Result ID: '1c4fd8cf030e2a8fbfd12806e9c2725d') in 0.007 seconds [static and dynamic dependencies]. Details - ImportResultOutputID=60d911f4459d8c1b19123ba16bc5128b DependenciesID=5a5b8db8b94d40f844c7e6eaac1987d1 StaticDependenciesID=641f11f5f2df4862ebe2f261292de8ca 
Number of updated asset objects reloaded before import = 0
Number of asset objects unloaded after import = 1
========================================================================
Received Import Request.
  Time of request: 2026-10-04T12:26:56.524329Z
  Time since last request: 0.000506917 seconds.
  importAddress: GUID: 48f1617bb1168457da4512bd8e439bea - Path: Packages/com.unity.xr.mock-hmd/Runtime/UnitySubsystemsManifest.json - Importer: ScriptedImporter/UnityEditor.QuickSearchModule:UnityEditor.Search:ASIAI0B
Importing 'GUID: 48f1617bb1168457da4512bd8e439bea - Path: Packages/com.unity.xr.mock-hmd/Runtime/UnitySubsystemsManifest.json - Importer: ScriptedImporter/UnityEditor.QuickSearchModule:UnityEditor.Search:ASIAI0B' with importer (ScriptedImporter : UnityEditor.QuickSearchModule:UnityEditor.Search:ASIAI0B)
Imported 'GUID: 48f1617bb1168457da4512bd8e439bea' -> (Import Result ID: 'b12fe0de635af68d6ad827bdc73ee8b9') in 0.001 seconds [static and dynamic dependencies]. Details - ImportResultOutputID=12f830f2889884ed3ad309e984303fb2 DependenciesID=afec69e45013c6ea0b1aca66e3868e83 StaticDependenciesID=6af28b7876fc01744aab3bbdb694cc12 
Number of updated asset objects reloaded before import = 0
Number of asset objects unloaded after import = 1
========================================================================
Received Import Request.
  Time of request: 2026-10-04T12:26:56.533013Z
  Time since last request: 0.000996666 seconds.
  importAddress: GUID: c8bf066bf8a4947a1be502d267edb82f - Path: Packages/com.unity.xr.mock-hmd/Runtime/MockHMDBuildSettings.cs - Importer: ScriptedImporter/UnityEditor.QuickSearchModule:UnityEditor.Search:ASIAI0B
Importing 'GUID: c8bf066bf8a4947a1be502d267edb82f - Path: Packages/com.unity.xr.mock-hmd/Runtime/MockHMDBuildSettings.cs - Importer: ScriptedImporter/UnityEditor.QuickSearchModule:UnityEditor.Search:ASIAI0B' with importer (ScriptedImporter : UnityEditor.QuickSearchModule:UnityEditor.Search:ASIAI0B)
Imported 'GUID: c8bf066bf8a4947a1be502d267edb82f' -> (Import Result ID: '5bf49d0498f1a95bc3638882c9d5ee53') in 0.001 seconds [static and dynamic dependencies]. Details - ImportResultOutputID=07ae84914513d0e67318a6a05d0e4fa3 DependenciesID=ac51909e417d34ff9762a8776f62a793 StaticDependenciesID=ac90453bcea17aca3a8658005cff15b8 
Number of updated asset objects reloaded before import = 0
Number of asset objects unloaded after import = 0
========================================================================
Received Import Request.
  Time of request: 2026-10-04T12:26:56.54025Z
  Time since last request: 0.000526375 seconds.
  importAddress: GUID: 1912d80f594347c48b34bedd384775e5 - Path: Packages/com.unity.xr.mock-hmd/Runtime/android/arm32 - Importer: ScriptedImporter/UnityEditor.QuickSearchModule:UnityEditor.Search:ASIAI0B
Importing 'GUID: 1912d80f594347c48b34bedd384775e5 - Path: Packages/com.unity.xr.mock-hmd/Runtime/android/arm32 - Importer: ScriptedImporter/UnityEditor.QuickSearchModule:UnityEditor.Search:ASIAI0B' with importer (ScriptedImporter : UnityEditor.QuickSearchModule:UnityEditor.Search:ASIAI0B)
Imported 'GUID: 1912d80f594347c48b34bedd384775e5' -> (Import Result ID: '6d9f837dcf52b111f38be250f1877184') in 0.002 seconds [static and dynamic dependencies]. Details - ImportResultOutputID=996ea990dc3cb3cde89d77758ab1e413 DependenciesID=8c28b69f22e25c4669ef027932ded355 StaticDependenciesID=befe10d456b0e89cc54d288df410f242 
Number of updated asset objects reloaded before import = 0
Number of asset objects unloaded after import = 1
========================================================================
Received Import Request.
  Time of request: 2026-10-04T12:26:56.548048Z
  Time since last request: 0.0004195 seconds.
  importAddress: GUID: 481de6b6afc441ec97e6e2594fd926da - Path: Packages/com.unity.xr.mock-hmd/Runtime/osx - Importer: ScriptedImporter/UnityEditor.QuickSearchModule:UnityEditor.Search:ASIAI0B
Importing 'GUID: 481de6b6afc441ec97e6e2594fd926da - Path: Packages/com.unity.xr.mock-hmd/Runtime/osx - Importer: ScriptedImporter/UnityEditor.QuickSearchModule:UnityEditor.Search:ASIAI0B' with importer (ScriptedImporter : UnityEditor.QuickSearchModule:UnityEditor.Search:ASIAI0B)
Imported 'GUID: 481de6b6afc441ec97e6e2594fd926da' -> (Import Result ID: '2ea56d58485880c9d5600d81632ddcb6') in 0.001 seconds [static and dynamic dependencies]. Details - ImportResultOutputID=a553070922a3ee784854a849136da44c DependenciesID=276d50cc8c3f178bd08faae2fe4dc0ab StaticDependenciesID=07b991bea7ff921d6aac68d76a5cb792 
Number of updated asset objects reloaded before import = 0
Number of asset objects unloaded after import = 1
========================================================================
Received Import Request.
  Time of request: 2026-10-04T12:26:56.556853Z
  Time since last request: 0.000281541 seconds.
  importAddress: GUID: 0922bb9b89fcb4722964025ef75d5e6e - Path: Packages/com.unity.xr.mock-hmd/LICENSE.md - Importer: ScriptedImporter/UnityEditor.QuickSearchModule:UnityEditor.Search:ASIAI0B
Importing 'GUID: 0922bb9b89fcb4722964025ef75d5e6e - Path: Packages/com.unity.xr.mock-hmd/LICENSE.md - Importer: ScriptedImporter/UnityEditor.QuickSearchModule:UnityEditor.Search:ASIAI0B' with importer (ScriptedImporter : UnityEditor.QuickSearchModule:UnityEditor.Search:ASIAI0B)
Imported 'GUID: 0922bb9b89fcb4722964025ef75d5e6e' -> (Import Result ID: '110e13cba9250e76953a7a34b0f96009') in 0.001 seconds [static and dynamic dependencies]. Details - ImportResultOutputID=49884f4a1cdea1d49a01731340715e60 DependenciesID=d968386b445101558e10f80846548b20 StaticDependenciesID=e2f1efcef3ba7763188932b36f8f87fe 
Number of updated asset objects reloaded before import = 0
Number of asset objects unloaded after import = 1
========================================================================
Received Import Request.
  Time of request: 2026-10-04T12:26:56.563979Z
  Time since last request: 0.000330584 seconds.
  importAddress: GUID: c33e2d4274f64fe6bb3897445136f69b - Path: Packages/com.unity.xr.mock-hmd/Runtime/ios/arm64 - Importer: ScriptedImporter/UnityEditor.QuickSearchModule:UnityEditor.Search:ASIAI0B
Importing 'GUID: c33e2d4274f64fe6bb3897445136f69b - Path: Packages/com.unity.xr.mock-hmd/Runtime/ios/arm64 - Importer: ScriptedImporter/UnityEditor.QuickSearchModule:UnityEditor.Search:ASIAI0B' with importer (ScriptedImporter : UnityEditor.QuickSearchModule:UnityEditor.Search:ASIAI0B)
Imported 'GUID: c33e2d4274f64fe6bb3897445136f69b' -> (Import Result ID: '2fb221318b818da105c9fb97e54a666c') in 0.001 seconds [static and dynamic dependencies]. Details - ImportResultOutputID=cbb4957ab07e8c2ad4f7e3d2a0e9d1e4 DependenciesID=c6d8a6480b0c2a1cef32389db01d1dbc StaticDependenciesID=39fc8cd9725859e1071b05aa2d762864 
Number of updated asset objects reloaded before import = 0
Number of asset objects unloaded after import = 1
========================================================================
Received Import Request.
  Time of request: 2026-10-04T12:26:56.570414Z
  Time since last request: 0.000352625 seconds.
  importAddress: GUID: d67dbcba7ada34cbd8efdec62b17b438 - Path: Packages/com.unity.xr.mock-hmd/Tests/Runtime/Unity.XR.MockHMD.Tests.asmdef - Importer: ScriptedImporter/UnityEditor.QuickSearchModule:UnityEditor.Search:ASIAI0B
Importing 'GUID: d67dbcba7ada34cbd8efdec62b17b438 - Path: Packages/com.unity.xr.mock-hmd/Tests/Runtime/Unity.XR.MockHMD.Tests.asmdef - Importer: ScriptedImporter/UnityEditor.QuickSearchModule:UnityEditor.Search:ASIAI0B' with importer (ScriptedImporter : UnityEditor.QuickSearchModule:UnityEditor.Search:ASIAI0B)
Imported 'GUID: d67dbcba7ada34cbd8efdec62b17b438' -> (Import Result ID: 'b413afe463ca7d529b0d9fc8d64a471a') in 0.001 seconds [static and dynamic dependencies]. Details - ImportResultOutputID=87bf6f12f1d49d29dc80eb8ac40144a3 DependenciesID=248b3c4c32b0b05a60e16a32b4091c6b StaticDependenciesID=99bf66bb732ec105a1ba2e18a4027749 
Number of updated asset objects reloaded before import = 0
Number of asset objects unloaded after import = 1
========================================================================
Received Import Request.
  Time of request: 2026-10-04T12:26:56.576878Z
  Time since last request: 0.000239208 seconds.
  importAddress: GUID: 1b6288cba3bd745f19c45b759326d116 - Path: Assets/XR/Settings/OpenXR Package Settings.asset - Importer: ScriptedImporter/UnityEditor.QuickSearchModule:UnityEditor.Search:ASIAI0B
Importing 'GUID: 1b6288cba3bd745f19c45b759326d116 - Path: Assets/XR/Settings/OpenXR Package Settings.asset - Importer: ScriptedImporter/UnityEditor.QuickSearchModule:UnityEditor.Search:ASIAI0B' with importer (ScriptedImporter : UnityEditor.QuickSearchModule:UnityEditor.Search:ASIAI0B)
Imported 'GUID: 1b6288cba3bd745f19c45b759326d116' -> (Import Result ID: '5d27aa3b845b564df05cf8d063530381') in 0.040 seconds [static and dynamic dependencies]. Details - ImportResultOutputID=8212d47d7b45bdf1046fcc3fdb91cca9 DependenciesID=387f9b3b0fb67bff1f4d4f00317a448a StaticDependenciesID=717b6811556cfc48262e67d5c94c0e5e 
Number of updated asset objects reloaded before import = 0
Number of asset objects unloaded after import = 1
========================================================================
Received Import Request.
  Time of request: 2026-10-04T12:26:56.624323Z
  Time since last request: 0.000346167 seconds.
  importAddress: GUID: 2891272beeae347b7bec5bc3d3c7f8e8 - Path: Packages/com.unity.xr.mock-hmd/Editor - Importer: ScriptedImporter/UnityEditor.QuickSearchModule:UnityEditor.Search:ASIAI0B
Importing 'GUID: 2891272beeae347b7bec5bc3d3c7f8e8 - Path: Packages/com.unity.xr.mock-hmd/Editor - Importer: ScriptedImporter/UnityEditor.QuickSearchModule:UnityEditor.Search:ASIAI0B' with importer (ScriptedImporter : UnityEditor.QuickSearchModule:UnityEditor.Search:ASIAI0B)
Imported 'GUID: 2891272beeae347b7bec5bc3d3c7f8e8' -> (Import Result ID: '0c79528dfc235cc9030c1a04f7e38157') in 0.001 seconds [static and dynamic dependencies]. Details - ImportResultOutputID=d1a0e810e1ffb2c29663a259191e0417 DependenciesID=b5e564911f38826d1b319ce1c4eaaa0c StaticDependenciesID=6cae30d7e78295a50500f99976b90e88 
Number of updated asset objects reloaded before import = 0
Number of asset objects unloaded after import = 1
========================================================================
Received Import Request.
  Time of request: 2026-10-04T12:26:56.630781Z
  Time since last request: 0.000212125 seconds.
  importAddress: GUID: f34674229f0c6964fa4b72d99761a76d - Path: Packages/com.unity.xr.mock-hmd/Editor/MultiCamera/NativeAPI.cs - Importer: ScriptedImporter/UnityEditor.QuickSearchModule:UnityEditor.Search:ASIAI0B
Importing 'GUID: f34674229f0c6964fa4b72d99761a76d - Path: Packages/com.unity.xr.mock-hmd/Editor/MultiCamera/NativeAPI.cs - Importer: ScriptedImporter/UnityEditor.QuickSearchModule:UnityEditor.Search:ASIAI0B' with importer (ScriptedImporter : UnityEditor.QuickSearchModule:UnityEditor.Search:ASIAI0B)
Imported 'GUID: f34674229f0c6964fa4b72d99761a76d' -> (Import Result ID: '0bdc9d10cf4e18de5ada4de427829e28') in 0.001 seconds [static and dynamic dependencies]. Details - ImportResultOutputID=5c844f4cc8f73dffbf4d667249dd31cb DependenciesID=9140370177f3c1c3e0b63ecb1a1b2110 StaticDependenciesID=cdacf04b912d41ab7624c9fc73cf940e 
Number of updated asset objects reloaded before import = 0
Number of asset objects unloaded after import = 0
========================================================================
Received Import Request.
  Time of request: 2026-10-04T12:26:56.636828Z
  Time since last request: 0.00020325 seconds.
  importAddress: GUID: 39d53ffc954c480d91382db2a69d1ad9 - Path: Packages/com.unity.xr.mock-hmd/Runtime/osx/arm64/UnityMockHMD.dylib - Importer: ScriptedImporter/UnityEditor.QuickSearchModule:UnityEditor.Search:ASIAI0B
Importing 'GUID: 39d53ffc954c480d91382db2a69d1ad9 - Path: Packages/com.unity.xr.mock-hmd/Runtime/osx/arm64/UnityMockHMD.dylib - Importer: ScriptedImporter/UnityEditor.QuickSearchModule:UnityEditor.Search:ASIAI0B' with importer (ScriptedImporter : UnityEditor.QuickSearchModule:UnityEditor.Search:ASIAI0B)
Imported 'GUID: 39d53ffc954c480d91382db2a69d1ad9' -> (Import Result ID: '1950fa5c582fce46c9583bbf9d986dfc') in 0.001 seconds [static and dynamic dependencies]. Details - ImportResultOutputID=87fc90bba6b97c81a268a0a654c92766 DependenciesID=b6764680f33e7986a68e1fb92047cb5c StaticDependenciesID=ba524fd44350643d51bde4428bc8f1ef 
Number of updated asset objects reloaded before import = 0
Number of asset objects unloaded after import = 0
========================================================================
Received Import Request.
  Time of request: 2026-10-04T12:26:56.642477Z
  Time since last request: 0.000208875 seconds.
  importAddress: GUID: 82967f2782e4e4cfca879fe873488a5f - Path: Packages/com.unity.xr.mock-hmd/Editor/MockHMDPackageMetadata.cs - Importer: ScriptedImporter/UnityEditor.QuickSearchModule:UnityEditor.Search:ASIAI0B
Importing 'GUID: 82967f2782e4e4cfca879fe873488a5f - Path: Packages/com.unity.xr.mock-hmd/Editor/MockHMDPackageMetadata.cs - Importer: ScriptedImporter/UnityEditor.QuickSearchModule:UnityEditor.Search:ASIAI0B' with importer (ScriptedImporter : UnityEditor.QuickSearchModule:UnityEditor.Search:ASIAI0B)
Imported 'GUID: 82967f2782e4e4cfca879fe873488a5f' -> (Import Result ID: '1697094bb6239f2413b705ce3a0b9145') in 0.001 seconds [static and dynamic dependencies]. Details - ImportResultOutputID=44c2bee58def2b56ea9fc2480b5319ee DependenciesID=4bb9dec372b98938d8c942690e0aef28 StaticDependenciesID=0e8de0f032628af9e113d3390307e3f7 
Number of updated asset objects reloaded before import = 0
Number of asset objects unloaded after import = 0
========================================================================
Received Import Request.
  Time of request: 2026-10-04T12:26:56.648927Z
  Time since last request: 0.000425166 seconds.
  importAddress: GUID: 263ebf2ce964246f4b56044e03840f9f - Path: Packages/com.unity.xr.mock-hmd/Tests/Editor - Importer: ScriptedImporter/UnityEditor.QuickSearchModule:UnityEditor.Search:ASIAI0B
Importing 'GUID: 263ebf2ce964246f4b56044e03840f9f - Path: Packages/com.unity.xr.mock-hmd/Tests/Editor - Importer: ScriptedImporter/UnityEditor.QuickSearchModule:UnityEditor.Search:ASIAI0B' with importer (ScriptedImporter : UnityEditor.QuickSearchModule:UnityEditor.Search:ASIAI0B)
Imported 'GUID: 263ebf2ce964246f4b56044e03840f9f' -> (Import Result ID: 'ab931d837bba0103b69f1642be7efe65') in 0.001 seconds [static and dynamic dependencies]. Details - ImportResultOutputID=72e7ab85b92750ccb0fac32effa2cdde DependenciesID=7f3584c66e089c3b23b0ac0cf05397d0 StaticDependenciesID=98195076a69941ad755e9f029a274110 
Number of updated asset objects reloaded before import = 0
Number of asset objects unloaded after import = 1
========================================================================
Received Import Request.
  Time of request: 2026-10-04T12:26:56.658132Z
  Time since last request: 0.000276542 seconds.
  importAddress: GUID: 30f851f36f4bc442d9f678de02d1834b - Path: Packages/com.unity.xr.mock-hmd/Runtime - Importer: ScriptedImporter/UnityEditor.QuickSearchModule:UnityEditor.Search:ASIAI0B
Importing 'GUID: 30f851f36f4bc442d9f678de02d1834b - Path: Packages/com.unity.xr.mock-hmd/Runtime - Importer: ScriptedImporter/UnityEditor.QuickSearchModule:UnityEditor.Search:ASIAI0B' with importer (ScriptedImporter : UnityEditor.QuickSearchModule:UnityEditor.Search:ASIAI0B)
Imported 'GUID: 30f851f36f4bc442d9f678de02d1834b' -> (Import Result ID: '4dcb30d2af41aa8350a9d06b5f87c8f8') in 0.001 seconds [static and dynamic dependencies]. Details - ImportResultOutputID=a7d9ede9f44e881bfd651bbb0ad613df DependenciesID=ddbee901e991e9c9c16ceb9fae3f7f68 StaticDependenciesID=706c98bf7cf865784da2375764aab607 
Number of updated asset objects reloaded before import = 0
Number of asset objects unloaded after import = 1
========================================================================
Received Import Request.
  Time of request: 2026-10-04T12:26:56.664478Z
  Time since last request: 0.000263625 seconds.
  importAddress: GUID: 640bb3b273554e6c9424ba87ad713f69 - Path: Packages/com.unity.xr.mock-hmd/Runtime/windows/x64/UnityMockHMD.dll - Importer: ScriptedImporter/UnityEditor.QuickSearchModule:UnityEditor.Search:ASIAI0B
Importing 'GUID: 640bb3b273554e6c9424ba87ad713f69 - Path: Packages/com.unity.xr.mock-hmd/Runtime/windows/x64/UnityMockHMD.dll - Importer: ScriptedImporter/UnityEditor.QuickSearchModule:UnityEditor.Search:ASIAI0B' with importer (ScriptedImporter : UnityEditor.QuickSearchModule:UnityEditor.Search:ASIAI0B)
Imported 'GUID: 640bb3b273554e6c9424ba87ad713f69' -> (Import Result ID: 'ddbd387a0bde9c493161e37e4fafce76') in 0.001 seconds [static and dynamic dependencies]. Details - ImportResultOutputID=03566e51de6ebebfab62c1a02bd47da7 DependenciesID=03eb9d2bd840b673434f6fd2b58183a3 StaticDependenciesID=1b1c458574de0daeb199fbb9da33e522 
Number of updated asset objects reloaded before import = 0
Number of asset objects unloaded after import = 0
========================================================================
Received Import Request.
  Time of request: 2026-10-04T12:26:56.672598Z
  Time since last request: 0.000579083 seconds.
  importAddress: GUID: e362c12d71c24a5288df694c2b8e99df - Path: Packages/com.unity.xr.mock-hmd/Runtime/android/arm32/libUnityMockHMD.so - Importer: ScriptedImporter/UnityEditor.QuickSearchModule:UnityEditor.Search:ASIAI0B
Importing 'GUID: e362c12d71c24a5288df694c2b8e99df - Path: Packages/com.unity.xr.mock-hmd/Runtime/android/arm32/libUnityMockHMD.so - Importer: ScriptedImporter/UnityEditor.QuickSearchModule:UnityEditor.Search:ASIAI0B' with importer (ScriptedImporter : UnityEditor.QuickSearchModule:UnityEditor.Search:ASIAI0B)
Imported 'GUID: e362c12d71c24a5288df694c2b8e99df' -> (Import Result ID: '1d3e1f51eafcfa9035cc22d5d0d36663') in 0.003 seconds [static and dynamic dependencies]. Details - ImportResultOutputID=4bfb65ed19e70e6a034a8267fa1c884c DependenciesID=b0cb914f16cb545ce46fb42bbf92c9e8 StaticDependenciesID=99712d335460a7632ec95bcae1404045 
Number of updated asset objects reloaded before import = 0
Number of asset objects unloaded after import = 0
========================================================================
Received Import Request.
  Time of request: 2026-10-04T12:26:56.682023Z
  Time since last request: 0.000256709 seconds.
  importAddress: GUID: 344c59e53e2aa435db7f183483734523 - Path: Packages/com.unity.xr.mock-hmd/Runtime/Unity.XR.MockHMD.asmdef - Importer: ScriptedImporter/UnityEditor.QuickSearchModule:UnityEditor.Search:ASIAI0B
Importing 'GUID: 344c59e53e2aa435db7f183483734523 - Path: Packages/com.unity.xr.mock-hmd/Runtime/Unity.XR.MockHMD.asmdef - Importer: ScriptedImporter/UnityEditor.QuickSearchModule:UnityEditor.Search:ASIAI0B' with importer (ScriptedImporter : UnityEditor.QuickSearchModule:UnityEditor.Search:ASIAI0B)
Imported 'GUID: 344c59e53e2aa435db7f183483734523' -> (Import Result ID: '97b9ce3fa0894c21b0f72e23f1b3b187') in 0.002 seconds [static and dynamic dependencies]. Details - ImportResultOutputID=bfaddc40be7113504e138047bd247cb6 DependenciesID=de144d8a839f9246137346bb8bca75bc StaticDependenciesID=2dd108f6cdcb9c20fc45ec60538420ba 
Number of updated asset objects reloaded before import = 0
Number of asset objects unloaded after import = 1
========================================================================
Received Prepare
AcceleratorClientConnectionCallback - disconnected - :0
[Licensing::Client] Successfully resolved entitlement details
Begin MonoManager ReloadAssembly
Thread 0x41a017000 may have been prematurely finalized
Symbol file LoadedFromMemory is not a mono symbol file
'Packages/com.meta.xr.sdk.core/Editor/RuntimeOptimizer/RuntimeOptimizerNetworking.cs' contains partial class of Unity.Object, exactly 1 of the partial classes needs to be in a file with the same filename. This is to know the one that can be referenced from ie. GameObjects
'Packages/com.meta.xr.sdk.core/Editor/BuildingBlocks/BlocksWindow.cs' contains partial class of Unity.Object, exactly 1 of the partial classes needs to be in a file with the same filename. This is to know the one that can be referenced from ie. GameObjects
'Packages/com.meta.xr.sdk.core/Editor/RuntimeOptimizer/RuntimeOptimizerStyles.cs' contains partial class of Unity.Object, exactly 1 of the partial classes needs to be in a file with the same filename. This is to know the one that can be referenced from ie. GameObjects
'Packages/com.meta.xr.sdk.core/Editor/RuntimeOptimizer/RuntimeOptimizer.cs' contains partial class of Unity.Object, exactly 1 of the partial classes needs to be in a file with the same filename. This is to know the one that can be referenced from ie. GameObjects
'Packages/com.unity.render-pipelines.core/Editor/Deprecated.cs' contains partial class of Unity.Object, exactly 1 of the partial classes needs to be in a file with the same filename. This is to know the one that can be referenced from ie. GameObjects
'Packages/com.unity.render-pipelines.core/Editor/Deprecated.cs' contains partial class of Unity.Object, exactly 1 of the partial classes needs to be in a file with the same filename. This is to know the one that can be referenced from ie. GameObjects
'Packages/com.meta.xr.sdk.core/Editor/BuildingBlocks/BlocksWindowDetailsExtension.cs' contains partial class of Unity.Object, exactly 1 of the partial classes needs to be in a file with the same filename. This is to know the one that can be referenced from ie. GameObjects
'Packages/com.meta.xr.sdk.core/Editor/BuildingBlocks/BlocksWindowCollectionsPageExtension.cs' contains partial class of Unity.Object, exactly 1 of the partial classes needs to be in a file with the same filename. This is to know the one that can be referenced from ie. GameObjects
Refreshing native plugins compatible for Editor in 6.54 ms, found 13 plugins.
[Licensing::Client] Successfully resolved entitlement details
Native extension for Android target not found
Native extension for OSXStandalone target not found
Native extension for WebGL target not found
[Package Manager] Failed to launch server process. Reason: Unity was launched with the -noUpm command-line argument
[Package Manager] Unable to send message (not connected to server process).
[Package Manager] Cannot connect to Unity Package Manager local server
I1004 23:29:22.303738 39566779 OVRTelemetry.cpp:57] Telemetry_Init: calling startSession with engineName=Unity, pluginVersion=1.207.0
I1004 23:29:22.327020 39566779 OVRTelemetry.cpp:61] Telemetry_Init: startSession completed successfully
2026-10-04 23:29:22.720 mdfind[48176:39584029] [UserQueryParser] Loading keywords and predicates for locale "en_AU"
[Package Manager] Failed to launch server process. Reason: Unity was launched with the -noUpm command-line argument
[Package Manager] Unable to send message (not connected to server process).
[Package Manager] Cannot connect to Unity Package Manager local server
[Package Manager] Failed to launch server process. Reason: Unity was launched with the -noUpm command-line argument
[Package Manager] Unable to send message (not connected to server process).
[Package Manager] Cannot connect to Unity Package Manager local server
System.Exception: Error! Visual Scripting: couldn't find visual scripting package
  at Unity.VisualScripting.PackageVersionUtility.get_version () [0x00043] in ./Library/PackageCache/com.unity.visualscripting@4edfcc09512f/Editor/VisualScripting.Core/Utilities/PackageVersionUtility.cs:31 
  at Unity.VisualScripting.BoltCoreManifest.get_version () [0x00000] in ./Library/PackageCache/com.unity.visualscripting@4edfcc09512f/Editor/VisualScripting.Core/Plugin/BoltCoreManifest.cs:11 
  at Unity.VisualScripting.PluginManifest.get_currentVersion () [0x00000] in ./Library/PackageCache/com.unity.visualscripting@4edfcc09512f/Editor/VisualScripting.Core/Plugins/PluginManifest.cs:33 
  at Unity.VisualScripting.PluginManifest.get_versionMismatch () [0x00000] in ./Library/PackageCache/com.unity.visualscripting@4edfcc09512f/Editor/VisualScripting.Core/Plugins/PluginManifest.cs:48 
  at Unity.VisualScripting.PluginContainer.Initialize () [0x00525] in ./Library/PackageCache/com.unity.visualscripting@4edfcc09512f/Editor/VisualScripting.Core/Plugins/PluginContainer.cs:208 
  at Unity.VisualScripting.PluginContainer.InitializeOnLoad () [0x00009] in ./Library/PackageCache/com.unity.visualscripting@4edfcc09512f/Editor/VisualScripting.Core/Plugins/PluginContainer.cs:32 
  at Unity.VisualScripting.VSUsageUtility.DoInitializeOnLoadCalls () [0x00034] in ./Library/PackageCache/com.unity.visualscripting@4edfcc09512f/Editor/VisualScripting.Core/Utilities/VSUsageUtility.cs:76 
  at Unity.VisualScripting.VSUsageUtility.set_isVisualScriptingUsed (System.Boolean value) [0x0002c] in ./Library/PackageCache/com.unity.visualscripting@4edfcc09512f/Editor/VisualScripting.Core/Utilities/VSUsageUtility.cs:114 
  at Unity.VisualScripting.VSUsageUtility.CheckAndSetIsVisualScriptingUsed () [0x0000d] in ./Library/PackageCache/com.unity.visualscripting@4edfcc09512f/Editor/VisualScripting.Core/Utilities/VSUsageUtility.cs:33 
  at Unity.VisualScripting.VSUsageUtility..cctor () [0x00000] in ./Library/PackageCache/com.unity.visualscripting@4edfcc09512f/Editor/VisualScripting.Core/Utilities/VSUsageUtility.cs:22 
UnityEngine.Debug:ExtractStackTraceNoAlloc (byte*,int,string)
UnityEngine.StackTraceUtility:ExtractStackTrace () (at /Users/bokken/build/output/unity/unity/Runtime/Export/Scripting/StackTrace.cs:23)
UnityEngine.DebugLogHandler:Internal_Log (UnityEngine.LogType,UnityEngine.LogOption,string,UnityEngine.Object)
UnityEngine.DebugLogHandler:LogFormat (UnityEngine.LogType,UnityEngine.Object,string,object[])
UnityEngine.Logger:Log (UnityEngine.LogType,object)
UnityEngine.Debug:LogError (object)
UnityEditor.EditorAssemblies:ProcessInitializeOnLoadAttributes (System.ReadOnlySpan`1<intptr>) (at /Users/bokken/build/output/unity/unity/Editor/Mono/EditorAssemblies.cs:142)

(Filename: /Users/bokken/build/output/unity/unity/Editor/Mono/EditorAssemblies.cs Line: 142)

ScheduleIndexationOnStartup MainProcess:False IndexOnStartup:True
Scripting: successfully reloaded assembly
[Package Manager] Failed to launch server process. Reason: Unity was launched with the -noUpm command-line argument
[Package Manager] Unable to send message (not connected to server process).
[Package Manager] Cannot connect to Unity Package Manager local server
- Finished resetting the current domain, in  1.806 seconds
Domain Reload Profiling: 2516ms
	BeginReloadAssembly (219ms)
		DisableScriptedObjects (5ms)
		CreateAndSetChildDomain (51ms)
	RebuildCommonClasses (4ms)
	RebuildNativeTypeToScriptingClass (8ms)
	initialDomainReloadingComplete (41ms)
	LoadAllAssembliesAndSetupDomain (399ms)
		LoadAssemblies (198ms)
		TypeCache.Refresh (53ms)
			TypeCache.ScanAssembly (38ms)
		AnalyzeDomain (107ms)
			BuildScriptInfoCaches (103ms)
	FinalizeReload (1845ms)
		SetupLoadedEditorAssemblies (0ms)
			LogAssemblyErrors (4ms)
			InitializePlatformSupportModulesInManaged (3ms)
			BeforeProcessingInitializeOnLoad (42ms)
			ProcessInitializeOnLoadAttributes (1294ms)
			ProcessInitializeOnLoadMethodAttributes (81ms)
		AwakeInstancesAfterBackupRestoration (7ms)
WARNING: Shader Unsupported: 'Universal Render Pipeline/VR/SpatialMapping/Wireframe' - All subshaders removed
WARNING: Shader Did you use #pragma only_renderers and omit this platform?
WARNING: Shader If subshaders removal was intentional, you may have forgotten turning Fallback off?
Shader Hidden/ChartRasterizerHardware is not supported: GPU does not support conservative rasterization
Refreshing native plugins compatible for Editor in 3.32 ms, found 13 plugins.
Unloading 61 Unused Serialized files (Serialized files now loaded: 0)
Unloading 8661 unused Assets / (5.3 MB). Loaded Objects now: 9604.
Memory consumption went from 229.0 MB to 223.7 MB.
Total: 20.315084 ms (FindLiveObjects: 0.426667 ms CreateObjectMapping: 0.428416 ms MarkObjects: 15.272334 ms  DeleteObjects: 3.868375 ms)

Prepare: number of updated asset objects reloaded= 0
========================================================================
Received Prepare
AcceleratorClientConnectionCallback - disconnected - :0
WARNING: Shader Unsupported: 'Universal Render Pipeline/VR/SpatialMapping/Wireframe' - All subshaders removed
WARNING: Shader Did you use #pragma only_renderers and omit this platform?
WARNING: Shader If subshaders removal was intentional, you may have forgotten turning Fallback off?
Shader Hidden/ChartRasterizerHardware is not supported: GPU does not support conservative rasterization
Refreshing native plugins compatible for Editor in 2.56 ms, found 13 plugins.
Unloading 98 Unused Serialized files (Serialized files now loaded: 0)
Unloading 98 unused Assets / (14.9 MB). Loaded Objects now: 9604.
Memory consumption went from 229.2 MB to 214.3 MB.
Total: 44.464584 ms (FindLiveObjects: 0.446750 ms CreateObjectMapping: 0.123542 ms MarkObjects: 41.900500 ms  DeleteObjects: 1.855291 ms)

Prepare: number of updated asset objects reloaded= 0
========================================================================
Received Prepare
AcceleratorClientConnectionCallback - disconnected - :0
WARNING: Shader Unsupported: 'Universal Render Pipeline/VR/SpatialMapping/Wireframe' - All subshaders removed
WARNING: Shader Did you use #pragma only_renderers and omit this platform?
WARNING: Shader If subshaders removal was intentional, you may have forgotten turning Fallback off?
Shader Hidden/ChartRasterizerHardware is not supported: GPU does not support conservative rasterization
Refreshing native plugins compatible for Editor in 2.27 ms, found 13 plugins.
Unloading 98 Unused Serialized files (Serialized files now loaded: 0)
Unloading 98 unused Assets / (14.9 MB). Loaded Objects now: 9604.
Memory consumption went from 228.3 MB to 213.4 MB.
Total: 18.253417 ms (FindLiveObjects: 0.306084 ms CreateObjectMapping: 0.097375 ms MarkObjects: 16.466125 ms  DeleteObjects: 1.275750 ms)

Prepare: number of updated asset objects reloaded= 48
========================================================================
Received Prepare
AcceleratorClientConnectionCallback - disconnected - :0
[Licensing::Client] Successfully resolved entitlement details
Begin MonoManager ReloadAssembly
[OVRPlugin][INFO] UnityPluginLoad called

Thread 0x17e28f000 may have been prematurely finalized
Symbol file LoadedFromMemory is not a mono symbol file
Script 'CharacterController' has the same name as built-in Unity component.
AddComponent and GetComponent will not work with this script.
'Packages/com.meta.xr.sdk.core/Editor/RuntimeOptimizer/RuntimeOptimizerNetworking.cs' contains partial class of Unity.Object, exactly 1 of the partial classes needs to be in a file with the same filename. This is to know the one that can be referenced from ie. GameObjects
'Packages/com.meta.xr.sdk.core/Editor/BuildingBlocks/BlocksWindow.cs' contains partial class of Unity.Object, exactly 1 of the partial classes needs to be in a file with the same filename. This is to know the one that can be referenced from ie. GameObjects
'Packages/com.meta.xr.sdk.core/Editor/RuntimeOptimizer/RuntimeOptimizerStyles.cs' contains partial class of Unity.Object, exactly 1 of the partial classes needs to be in a file with the same filename. This is to know the one that can be referenced from ie. GameObjects
'Packages/com.meta.xr.sdk.core/Editor/RuntimeOptimizer/RuntimeOptimizer.cs' contains partial class of Unity.Object, exactly 1 of the partial classes needs to be in a file with the same filename. This is to know the one that can be referenced from ie. GameObjects
'Packages/com.unity.render-pipelines.core/Editor/Deprecated.cs' contains partial class of Unity.Object, exactly 1 of the partial classes needs to be in a file with the same filename. This is to know the one that can be referenced from ie. GameObjects
'Packages/com.unity.render-pipelines.core/Editor/Deprecated.cs' contains partial class of Unity.Object, exactly 1 of the partial classes needs to be in a file with the same filename. This is to know the one that can be referenced from ie. GameObjects
'Packages/com.meta.xr.sdk.core/Editor/BuildingBlocks/BlocksWindowDetailsExtension.cs' contains partial class of Unity.Object, exactly 1 of the partial classes needs to be in a file with the same filename. This is to know the one that can be referenced from ie. GameObjects
'Packages/com.meta.xr.sdk.core/Editor/BuildingBlocks/BlocksWindowCollectionsPageExtension.cs' contains partial class of Unity.Object, exactly 1 of the partial classes needs to be in a file with the same filename. This is to know the one that can be referenced from ie. GameObjects
Refreshing native plugins compatible for Editor in 2.94 ms, found 15 plugins.
[Licensing::Client] Successfully resolved entitlement details
Native extension for Android target not found
Native extension for OSXStandalone target not found
Native extension for WebGL target not found
[Package Manager] Failed to launch server process. Reason: Unity was launched with the -noUpm command-line argument
[Package Manager] Unable to send message (not connected to server process).
[Package Manager] Cannot connect to Unity Package Manager local server
Refreshing native plugins compatible for Editor in 2.08 ms, found 15 plugins.
2026-10-04 23:30:55.642 mdfind[48692:39590773] [UserQueryParser] Loading keywords and predicates for locale "en_AU"
[Package Manager] Failed to launch server process. Reason: Unity was launched with the -noUpm command-line argument
[Package Manager] Unable to send message (not connected to server process).
[Package Manager] Cannot connect to Unity Package Manager local server
I1004 23:30:56.169269 39566779 OVRTelemetry.cpp:57] Telemetry_Init: calling startSession with engineName=Unity, pluginVersion=1.207.0
I1004 23:30:56.182954 39566779 OVRTelemetry.cpp:61] Telemetry_Init: startSession completed successfully
[Package Manager] Failed to launch server process. Reason: Unity was launched with the -noUpm command-line argument
[Package Manager] Unable to send message (not connected to server process).
[Package Manager] Cannot connect to Unity Package Manager local server
System.Exception: Error! Visual Scripting: couldn't find visual scripting package
  at Unity.VisualScripting.PackageVersionUtility.get_version () [0x00043] in ./Library/PackageCache/com.unity.visualscripting@4edfcc09512f/Editor/VisualScripting.Core/Utilities/PackageVersionUtility.cs:31 
  at Unity.VisualScripting.BoltCoreManifest.get_version () [0x00000] in ./Library/PackageCache/com.unity.visualscripting@4edfcc09512f/Editor/VisualScripting.Core/Plugin/BoltCoreManifest.cs:11 
  at Unity.VisualScripting.PluginManifest.get_currentVersion () [0x00000] in ./Library/PackageCache/com.unity.visualscripting@4edfcc09512f/Editor/VisualScripting.Core/Plugins/PluginManifest.cs:33 
  at Unity.VisualScripting.PluginManifest.get_versionMismatch () [0x00000] in ./Library/PackageCache/com.unity.visualscripting@4edfcc09512f/Editor/VisualScripting.Core/Plugins/PluginManifest.cs:48 
  at Unity.VisualScripting.PluginContainer.Initialize () [0x00525] in ./Library/PackageCache/com.unity.visualscripting@4edfcc09512f/Editor/VisualScripting.Core/Plugins/PluginContainer.cs:208 
  at Unity.VisualScripting.PluginContainer.InitializeOnLoad () [0x00009] in ./Library/PackageCache/com.unity.visualscripting@4edfcc09512f/Editor/VisualScripting.Core/Plugins/PluginContainer.cs:32 
  at Unity.VisualScripting.VSUsageUtility.DoInitializeOnLoadCalls () [0x00034] in ./Library/PackageCache/com.unity.visualscripting@4edfcc09512f/Editor/VisualScripting.Core/Utilities/VSUsageUtility.cs:76 
  at Unity.VisualScripting.VSUsageUtility.set_isVisualScriptingUsed (System.Boolean value) [0x0002c] in ./Library/PackageCache/com.unity.visualscripting@4edfcc09512f/Editor/VisualScripting.Core/Utilities/VSUsageUtility.cs:114 
  at Unity.VisualScripting.VSUsageUtility.CheckAndSetIsVisualScriptingUsed () [0x0000d] in ./Library/PackageCache/com.unity.visualscripting@4edfcc09512f/Editor/VisualScripting.Core/Utilities/VSUsageUtility.cs:33 
  at Unity.VisualScripting.VSUsageUtility..cctor () [0x00000] in ./Library/PackageCache/com.unity.visualscripting@4edfcc09512f/Editor/VisualScripting.Core/Utilities/VSUsageUtility.cs:22 
UnityEngine.Debug:ExtractStackTraceNoAlloc (byte*,int,string)
UnityEngine.StackTraceUtility:ExtractStackTrace () (at /Users/bokken/build/output/unity/unity/Runtime/Export/Scripting/StackTrace.cs:23)
UnityEngine.DebugLogHandler:Internal_Log (UnityEngine.LogType,UnityEngine.LogOption,string,UnityEngine.Object)
UnityEngine.DebugLogHandler:LogFormat (UnityEngine.LogType,UnityEngine.Object,string,object[])
UnityEngine.Logger:Log (UnityEngine.LogType,object)
UnityEngine.Debug:LogError (object)
UnityEditor.EditorAssemblies:ProcessInitializeOnLoadAttributes (System.ReadOnlySpan`1<intptr>) (at /Users/bokken/build/output/unity/unity/Editor/Mono/EditorAssemblies.cs:142)

(Filename: /Users/bokken/build/output/unity/unity/Editor/Mono/EditorAssemblies.cs Line: 142)

ScheduleIndexationOnStartup MainProcess:False IndexOnStartup:True
Scripting: successfully reloaded assembly
[Package Manager] Failed to launch server process. Reason: Unity was launched with the -noUpm command-line argument
[Package Manager] Unable to send message (not connected to server process).
[Package Manager] Cannot connect to Unity Package Manager local server
- Finished resetting the current domain, in  1.903 seconds
Domain Reload Profiling: 2632ms
	BeginReloadAssembly (198ms)
		DisableScriptedObjects (7ms)
		CreateAndSetChildDomain (64ms)
	RebuildCommonClasses (4ms)
	RebuildNativeTypeToScriptingClass (8ms)
	initialDomainReloadingComplete (50ms)
	LoadAllAssembliesAndSetupDomain (469ms)
		LoadAssemblies (247ms)
		TypeCache.Refresh (36ms)
			TypeCache.ScanAssembly (20ms)
		AnalyzeDomain (136ms)
			BuildScriptInfoCaches (131ms)
			ResolveRequiredComponents (3ms)
	FinalizeReload (1904ms)
		SetupLoadedEditorAssemblies (0ms)
			InitializePlatformSupportModulesInManaged (3ms)
			BeforeProcessingInitializeOnLoad (48ms)
			ProcessInitializeOnLoadAttributes (1326ms)
			ProcessInitializeOnLoadMethodAttributes (87ms)
		AwakeInstancesAfterBackupRestoration (9ms)
WARNING: Shader Unsupported: 'Universal Render Pipeline/VR/SpatialMapping/Wireframe' - All subshaders removed
WARNING: Shader Did you use #pragma only_renderers and omit this platform?
WARNING: Shader If subshaders removal was intentional, you may have forgotten turning Fallback off?
Shader Hidden/ChartRasterizerHardware is not supported: GPU does not support conservative rasterization
Refreshing native plugins compatible for Editor in 3.03 ms, found 15 plugins.
Unloading 146 Unused Serialized files (Serialized files now loaded: 0)
Unloading 9507 unused Assets / (26.2 MB). Loaded Objects now: 10389.
Memory consumption went from 257.4 MB to 231.2 MB.
Total: 21.467917 ms (FindLiveObjects: 0.517291 ms CreateObjectMapping: 0.563834 ms MarkObjects: 15.615667 ms  DeleteObjects: 4.517667 ms)

Prepare: number of updated asset objects reloaded= 0
========================================================================
Received Prepare
AcceleratorClientConnectionCallback - disconnected - :0
WARNING: Shader Unsupported: 'Universal Render Pipeline/VR/SpatialMapping/Wireframe' - All subshaders removed
WARNING: Shader Did you use #pragma only_renderers and omit this platform?
WARNING: Shader If subshaders removal was intentional, you may have forgotten turning Fallback off?
Shader Hidden/ChartRasterizerHardware is not supported: GPU does not support conservative rasterization
Refreshing native plugins compatible for Editor in 2.55 ms, found 15 plugins.
Unloading 146 Unused Serialized files (Serialized files now loaded: 0)
Unloading 146 unused Assets / (16.3 MB). Loaded Objects now: 10389.
Memory consumption went from 246.8 MB to 230.5 MB.
Total: 40.287417 ms (FindLiveObjects: 0.473833 ms CreateObjectMapping: 0.157209 ms MarkObjects: 37.536666 ms  DeleteObjects: 1.985500 ms)

Prepare: number of updated asset objects reloaded= 1
========================================================================
Received Prepare
AcceleratorClientConnectionCallback - disconnected - :0
Thread 0x1792af000 may have been prematurely finalized
Begin MonoManager ReloadAssembly
Symbol file LoadedFromMemory is not a mono symbol file
Script 'CharacterController' has the same name as built-in Unity component.
AddComponent and GetComponent will not work with this script.
'Packages/com.meta.xr.sdk.core/Editor/RuntimeOptimizer/RuntimeOptimizerNetworking.cs' contains partial class of Unity.Object, exactly 1 of the partial classes needs to be in a file with the same filename. This is to know the one that can be referenced from ie. GameObjects
'Packages/com.meta.xr.sdk.core/Editor/BuildingBlocks/BlocksWindow.cs' contains partial class of Unity.Object, exactly 1 of the partial classes needs to be in a file with the same filename. This is to know the one that can be referenced from ie. GameObjects
'Packages/com.meta.xr.sdk.core/Editor/RuntimeOptimizer/RuntimeOptimizerStyles.cs' contains partial class of Unity.Object, exactly 1 of the partial classes needs to be in a file with the same filename. This is to know the one that can be referenced from ie. GameObjects
'Packages/com.meta.xr.sdk.core/Editor/RuntimeOptimizer/RuntimeOptimizer.cs' contains partial class of Unity.Object, exactly 1 of the partial classes needs to be in a file with the same filename. This is to know the one that can be referenced from ie. GameObjects
'Packages/com.unity.render-pipelines.core/Editor/Deprecated.cs' contains partial class of Unity.Object, exactly 1 of the partial classes needs to be in a file with the same filename. This is to know the one that can be referenced from ie. GameObjects
'Packages/com.unity.render-pipelines.core/Editor/Deprecated.cs' contains partial class of Unity.Object, exactly 1 of the partial classes needs to be in a file with the same filename. This is to know the one that can be referenced from ie. GameObjects
'Packages/com.meta.xr.sdk.core/Editor/BuildingBlocks/BlocksWindowDetailsExtension.cs' contains partial class of Unity.Object, exactly 1 of the partial classes needs to be in a file with the same filename. This is to know the one that can be referenced from ie. GameObjects
'Packages/com.meta.xr.sdk.core/Editor/BuildingBlocks/BlocksWindowCollectionsPageExtension.cs' contains partial class of Unity.Object, exactly 1 of the partial classes needs to be in a file with the same filename. This is to know the one that can be referenced from ie. GameObjects
Refreshing native plugins compatible for Editor in 2.39 ms, found 15 plugins.
Native extension for Android target not found
Native extension for OSXStandalone target not found
Native extension for WebGL target not found
[Package Manager] Failed to launch server process. Reason: Unity was launched with the -noUpm command-line argument
[Package Manager] Unable to send message (not connected to server process).
[Package Manager] Cannot connect to Unity Package Manager local server
2026-10-04 23:31:52.263 mdfind[48933:39593673] [UserQueryParser] Loading keywords and predicates for locale "en_AU"
[Package Manager] Failed to launch server process. Reason: Unity was launched with the -noUpm command-line argument
[Package Manager] Unable to send message (not connected to server process).
[Package Manager] Cannot connect to Unity Package Manager local server
[Package Manager] Failed to launch server process. Reason: Unity was launched with the -noUpm command-line argument
[Package Manager] Unable to send message (not connected to server process).
[Package Manager] Cannot connect to Unity Package Manager local server
System.Exception: Error! Visual Scripting: couldn't find visual scripting package
  at Unity.VisualScripting.PackageVersionUtility.get_version () [0x00043] in ./Library/PackageCache/com.unity.visualscripting@4edfcc09512f/Editor/VisualScripting.Core/Utilities/PackageVersionUtility.cs:31 
  at Unity.VisualScripting.BoltCoreManifest.get_version () [0x00000] in ./Library/PackageCache/com.unity.visualscripting@4edfcc09512f/Editor/VisualScripting.Core/Plugin/BoltCoreManifest.cs:11 
  at Unity.VisualScripting.PluginManifest.get_currentVersion () [0x00000] in ./Library/PackageCache/com.unity.visualscripting@4edfcc09512f/Editor/VisualScripting.Core/Plugins/PluginManifest.cs:33 
  at Unity.VisualScripting.PluginManifest.get_versionMismatch () [0x00000] in ./Library/PackageCache/com.unity.visualscripting@4edfcc09512f/Editor/VisualScripting.Core/Plugins/PluginManifest.cs:48 
  at Unity.VisualScripting.PluginContainer.Initialize () [0x00525] in ./Library/PackageCache/com.unity.visualscripting@4edfcc09512f/Editor/VisualScripting.Core/Plugins/PluginContainer.cs:208 
  at Unity.VisualScripting.PluginContainer.InitializeOnLoad () [0x00009] in ./Library/PackageCache/com.unity.visualscripting@4edfcc09512f/Editor/VisualScripting.Core/Plugins/PluginContainer.cs:32 
  at Unity.VisualScripting.VSUsageUtility.DoInitializeOnLoadCalls () [0x00034] in ./Library/PackageCache/com.unity.visualscripting@4edfcc09512f/Editor/VisualScripting.Core/Utilities/VSUsageUtility.cs:76 
  at Unity.VisualScripting.VSUsageUtility.set_isVisualScriptingUsed (System.Boolean value) [0x0002c] in ./Library/PackageCache/com.unity.visualscripting@4edfcc09512f/Editor/VisualScripting.Core/Utilities/VSUsageUtility.cs:114 
  at Unity.VisualScripting.VSUsageUtility.CheckAndSetIsVisualScriptingUsed () [0x0000d] in ./Library/PackageCache/com.unity.visualscripting@4edfcc09512f/Editor/VisualScripting.Core/Utilities/VSUsageUtility.cs:33 
  at Unity.VisualScripting.VSUsageUtility..cctor () [0x00000] in ./Library/PackageCache/com.unity.visualscripting@4edfcc09512f/Editor/VisualScripting.Core/Utilities/VSUsageUtility.cs:22 
UnityEngine.Debug:ExtractStackTraceNoAlloc (byte*,int,string)
UnityEngine.StackTraceUtility:ExtractStackTrace () (at /Users/bokken/build/output/unity/unity/Runtime/Export/Scripting/StackTrace.cs:23)
UnityEngine.DebugLogHandler:Internal_Log (UnityEngine.LogType,UnityEngine.LogOption,string,UnityEngine.Object)
UnityEngine.DebugLogHandler:LogFormat (UnityEngine.LogType,UnityEngine.Object,string,object[])
UnityEngine.Logger:Log (UnityEngine.LogType,object)
UnityEngine.Debug:LogError (object)
UnityEditor.EditorAssemblies:ProcessInitializeOnLoadAttributes (System.ReadOnlySpan`1<intptr>) (at /Users/bokken/build/output/unity/unity/Editor/Mono/EditorAssemblies.cs:142)

(Filename: /Users/bokken/build/output/unity/unity/Editor/Mono/EditorAssemblies.cs Line: 142)

ScheduleIndexationOnStartup MainProcess:False IndexOnStartup:True
Scripting: successfully reloaded assembly
[Package Manager] Failed to launch server process. Reason: Unity was launched with the -noUpm command-line argument
[Package Manager] Unable to send message (not connected to server process).
[Package Manager] Cannot connect to Unity Package Manager local server
- Finished resetting the current domain, in  1.300 seconds
Domain Reload Profiling: 1891ms
	BeginReloadAssembly (176ms)
		DisableScriptedObjects (6ms)
		CreateAndSetChildDomain (53ms)
	RebuildCommonClasses (4ms)
	RebuildNativeTypeToScriptingClass (7ms)
	initialDomainReloadingComplete (37ms)
	LoadAllAssembliesAndSetupDomain (366ms)
		LoadAssemblies (166ms)
		TypeCache.Refresh (13ms)
		AnalyzeDomain (139ms)
			BuildScriptInfoCaches (134ms)
			ResolveRequiredComponents (3ms)
	FinalizeReload (1300ms)
		SetupLoadedEditorAssemblies (0ms)
			InitializePlatformSupportModulesInManaged (3ms)
			BeforeProcessingInitializeOnLoad (39ms)
			ProcessInitializeOnLoadAttributes (790ms)
			ProcessInitializeOnLoadMethodAttributes (97ms)
			EditorAssembliesLoaded (4ms)
		AwakeInstancesAfterBackupRestoration (10ms)
WARNING: Shader Unsupported: 'Universal Render Pipeline/VR/SpatialMapping/Wireframe' - All subshaders removed
WARNING: Shader Did you use #pragma only_renderers and omit this platform?
WARNING: Shader If subshaders removal was intentional, you may have forgotten turning Fallback off?
Shader Hidden/ChartRasterizerHardware is not supported: GPU does not support conservative rasterization
Refreshing native plugins compatible for Editor in 2.27 ms, found 15 plugins.
Unloading 146 Unused Serialized files (Serialized files now loaded: 0)
Unloading 9574 unused Assets / (21.6 MB). Loaded Objects now: 10462.
Memory consumption went from 269.1 MB to 247.5 MB.
Total: 19.640459 ms (FindLiveObjects: 0.512458 ms CreateObjectMapping: 0.258500 ms MarkObjects: 15.165292 ms  DeleteObjects: 3.608041 ms)

Prepare: number of updated asset objects reloaded= 0
========================================================================
Received Prepare
AcceleratorClientConnectionCallback - disconnected - :0
WARNING: Shader Unsupported: 'Universal Render Pipeline/VR/SpatialMapping/Wireframe' - All subshaders removed
WARNING: Shader Did you use #pragma only_renderers and omit this platform?
WARNING: Shader If subshaders removal was intentional, you may have forgotten turning Fallback off?
Shader Hidden/ChartRasterizerHardware is not supported: GPU does not support conservative rasterization
Refreshing native plugins compatible for Editor in 2.88 ms, found 15 plugins.
Unloading 146 Unused Serialized files (Serialized files now loaded: 0)
Unloading 146 unused Assets / (16.2 MB). Loaded Objects now: 10462.
Memory consumption went from 257.0 MB to 240.8 MB.
Total: 15.514584 ms (FindLiveObjects: 0.300125 ms CreateObjectMapping: 0.115166 ms MarkObjects: 13.450084 ms  DeleteObjects: 1.559166 ms)

Prepare: number of updated asset objects reloaded= 0
========================================================================
Received Prepare
AcceleratorClientConnectionCallback - disconnected - :0
WARNING: Shader Unsupported: 'Universal Render Pipeline/VR/SpatialMapping/Wireframe' - All subshaders removed
WARNING: Shader Did you use #pragma only_renderers and omit this platform?
WARNING: Shader If subshaders removal was intentional, you may have forgotten turning Fallback off?
Shader Hidden/ChartRasterizerHardware is not supported: GPU does not support conservative rasterization
Refreshing native plugins compatible for Editor in 3.37 ms, found 15 plugins.
Unloading 146 Unused Serialized files (Serialized files now loaded: 0)
Unloading 146 unused Assets / (16.3 MB). Loaded Objects now: 10462.
Memory consumption went from 256.1 MB to 239.8 MB.
Total: 35.225875 ms (FindLiveObjects: 0.519750 ms CreateObjectMapping: 0.162125 ms MarkObjects: 32.481500 ms  DeleteObjects: 1.847791 ms)

Prepare: number of updated asset objects reloaded= 75
========================================================================
Received Prepare
AcceleratorClientConnectionCallback - disconnected - :0
WARNING: Shader Unsupported: 'Universal Render Pipeline/VR/SpatialMapping/Wireframe' - All subshaders removed
WARNING: Shader Did you use #pragma only_renderers and omit this platform?
WARNING: Shader If subshaders removal was intentional, you may have forgotten turning Fallback off?
Shader Hidden/ChartRasterizerHardware is not supported: GPU does not support conservative rasterization
Refreshing native plugins compatible for Editor in 2.51 ms, found 15 plugins.
Unloading 146 Unused Serialized files (Serialized files now loaded: 0)
Unloading 146 unused Assets / (16.3 MB). Loaded Objects now: 10462.
Memory consumption went from 255.5 MB to 239.2 MB.
Total: 19.447125 ms (FindLiveObjects: 0.341542 ms CreateObjectMapping: 0.137083 ms MarkObjects: 15.957042 ms  DeleteObjects: 2.918667 ms)

Prepare: number of updated asset objects reloaded= 0
========================================================================
Received Prepare
AcceleratorClientConnectionCallback - disconnected - :0
WARNING: Shader Unsupported: 'Universal Render Pipeline/VR/SpatialMapping/Wireframe' - All subshaders removed
WARNING: Shader Did you use #pragma only_renderers and omit this platform?
WARNING: Shader If subshaders removal was intentional, you may have forgotten turning Fallback off?
Shader Hidden/ChartRasterizerHardware is not supported: GPU does not support conservative rasterization
Refreshing native plugins compatible for Editor in 6.53 ms, found 15 plugins.
Unloading 146 Unused Serialized files (Serialized files now loaded: 0)
Unloading 146 unused Assets / (16.2 MB). Loaded Objects now: 10462.
Memory consumption went from 254.6 MB to 238.4 MB.
Total: 59.706708 ms (FindLiveObjects: 2.475125 ms CreateObjectMapping: 0.840667 ms MarkObjects: 53.590292 ms  DeleteObjects: 2.451458 ms)

Prepare: number of updated asset objects reloaded= 0
========================================================================
Received Prepare
AcceleratorClientConnectionCallback - disconnected - :0
WARNING: Shader Unsupported: 'Universal Render Pipeline/VR/SpatialMapping/Wireframe' - All subshaders removed
WARNING: Shader Did you use #pragma only_renderers and omit this platform?
WARNING: Shader If subshaders removal was intentional, you may have forgotten turning Fallback off?
Shader Hidden/ChartRasterizerHardware is not supported: GPU does not support conservative rasterization
Refreshing native plugins compatible for Editor in 3.02 ms, found 15 plugins.
Unloading 146 Unused Serialized files (Serialized files now loaded: 0)
Unloading 146 unused Assets / (16.2 MB). Loaded Objects now: 10462.
Memory consumption went from 253.8 MB to 237.5 MB.
Total: 16.504375 ms (FindLiveObjects: 0.301541 ms CreateObjectMapping: 0.085542 ms MarkObjects: 14.251458 ms  DeleteObjects: 1.763916 ms)

Prepare: number of updated asset objects reloaded= 75
========================================================================
Received Prepare
AcceleratorClientConnectionCallback - disconnected - :0
WARNING: Shader Unsupported: 'Universal Render Pipeline/VR/SpatialMapping/Wireframe' - All subshaders removed
WARNING: Shader Did you use #pragma only_renderers and omit this platform?
WARNING: Shader If subshaders removal was intentional, you may have forgotten turning Fallback off?
Shader Hidden/ChartRasterizerHardware is not supported: GPU does not support conservative rasterization
Refreshing native plugins compatible for Editor in 2.54 ms, found 15 plugins.
Unloading 146 Unused Serialized files (Serialized files now loaded: 0)
Unloading 146 unused Assets / (16.2 MB). Loaded Objects now: 10462.
Memory consumption went from 252.9 MB to 236.6 MB.
Total: 24.536917 ms (FindLiveObjects: 0.398834 ms CreateObjectMapping: 0.127584 ms MarkObjects: 21.777292 ms  DeleteObjects: 2.112167 ms)

Prepare: number of updated asset objects reloaded= 75
========================================================================
Received Prepare
AcceleratorClientConnectionCallback - disconnected - :0
[Licensing::Client] Successfully resolved entitlement details
Begin MonoManager ReloadAssembly
Thread 0x17841f000 may have been prematurely finalized
Symbol file LoadedFromMemory is not a mono symbol file
Script 'CharacterController' has the same name as built-in Unity component.
AddComponent and GetComponent will not work with this script.
'Packages/com.meta.xr.sdk.core/Editor/RuntimeOptimizer/RuntimeOptimizerNetworking.cs' contains partial class of Unity.Object, exactly 1 of the partial classes needs to be in a file with the same filename. This is to know the one that can be referenced from ie. GameObjects
'Packages/com.meta.xr.sdk.core/Editor/BuildingBlocks/BlocksWindow.cs' contains partial class of Unity.Object, exactly 1 of the partial classes needs to be in a file with the same filename. This is to know the one that can be referenced from ie. GameObjects
'Packages/com.meta.xr.sdk.core/Editor/RuntimeOptimizer/RuntimeOptimizerStyles.cs' contains partial class of Unity.Object, exactly 1 of the partial classes needs to be in a file with the same filename. This is to know the one that can be referenced from ie. GameObjects
'Packages/com.meta.xr.sdk.core/Editor/RuntimeOptimizer/RuntimeOptimizer.cs' contains partial class of Unity.Object, exactly 1 of the partial classes needs to be in a file with the same filename. This is to know the one that can be referenced from ie. GameObjects
'Packages/com.unity.render-pipelines.core/Editor/Deprecated.cs' contains partial class of Unity.Object, exactly 1 of the partial classes needs to be in a file with the same filename. This is to know the one that can be referenced from ie. GameObjects
'Packages/com.unity.render-pipelines.core/Editor/Deprecated.cs' contains partial class of Unity.Object, exactly 1 of the partial classes needs to be in a file with the same filename. This is to know the one that can be referenced from ie. GameObjects
'Packages/com.meta.xr.sdk.core/Editor/BuildingBlocks/BlocksWindowDetailsExtension.cs' contains partial class of Unity.Object, exactly 1 of the partial classes needs to be in a file with the same filename. This is to know the one that can be referenced from ie. GameObjects
'Packages/com.meta.xr.sdk.core/Editor/BuildingBlocks/BlocksWindowCollectionsPageExtension.cs' contains partial class of Unity.Object, exactly 1 of the partial classes needs to be in a file with the same filename. This is to know the one that can be referenced from ie. GameObjects
Refreshing native plugins compatible for Editor in 2.21 ms, found 15 plugins.
[Licensing::Client] Successfully resolved entitlement details
Native extension for Android target not found
Native extension for OSXStandalone target not found
Native extension for WebGL target not found
[Package Manager] Failed to launch server process. Reason: Unity was launched with the -noUpm command-line argument
[Package Manager] Unable to send message (not connected to server process).
[Package Manager] Cannot connect to Unity Package Manager local server
Refreshing native plugins compatible for Editor in 2.45 ms, found 15 plugins.
2026-10-04 23:32:54.442 mdfind[49730:39605435] [UserQueryParser] Loading keywords and predicates for locale "en_AU"
[Package Manager] Failed to launch server process. Reason: Unity was launched with the -noUpm command-line argument
[Package Manager] Unable to send message (not connected to server process).
[Package Manager] Cannot connect to Unity Package Manager local server
[Package Manager] Failed to launch server process. Reason: Unity was launched with the -noUpm command-line argument
[Package Manager] Unable to send message (not connected to server process).
[Package Manager] Cannot connect to Unity Package Manager local server
System.Exception: Error! Visual Scripting: couldn't find visual scripting package
  at Unity.VisualScripting.PackageVersionUtility.get_version () [0x00043] in ./Library/PackageCache/com.unity.visualscripting@4edfcc09512f/Editor/VisualScripting.Core/Utilities/PackageVersionUtility.cs:31 
  at Unity.VisualScripting.BoltCoreManifest.get_version () [0x00000] in ./Library/PackageCache/com.unity.visualscripting@4edfcc09512f/Editor/VisualScripting.Core/Plugin/BoltCoreManifest.cs:11 
  at Unity.VisualScripting.PluginManifest.get_currentVersion () [0x00000] in ./Library/PackageCache/com.unity.visualscripting@4edfcc09512f/Editor/VisualScripting.Core/Plugins/PluginManifest.cs:33 
  at Unity.VisualScripting.PluginManifest.get_versionMismatch () [0x00000] in ./Library/PackageCache/com.unity.visualscripting@4edfcc09512f/Editor/VisualScripting.Core/Plugins/PluginManifest.cs:48 
  at Unity.VisualScripting.PluginContainer.Initialize () [0x00525] in ./Library/PackageCache/com.unity.visualscripting@4edfcc09512f/Editor/VisualScripting.Core/Plugins/PluginContainer.cs:208 
  at Unity.VisualScripting.PluginContainer.InitializeOnLoad () [0x00009] in ./Library/PackageCache/com.unity.visualscripting@4edfcc09512f/Editor/VisualScripting.Core/Plugins/PluginContainer.cs:32 
  at Unity.VisualScripting.VSUsageUtility.DoInitializeOnLoadCalls () [0x00034] in ./Library/PackageCache/com.unity.visualscripting@4edfcc09512f/Editor/VisualScripting.Core/Utilities/VSUsageUtility.cs:76 
  at Unity.VisualScripting.VSUsageUtility.set_isVisualScriptingUsed (System.Boolean value) [0x0002c] in ./Library/PackageCache/com.unity.visualscripting@4edfcc09512f/Editor/VisualScripting.Core/Utilities/VSUsageUtility.cs:114 
  at Unity.VisualScripting.VSUsageUtility.CheckAndSetIsVisualScriptingUsed () [0x0000d] in ./Library/PackageCache/com.unity.visualscripting@4edfcc09512f/Editor/VisualScripting.Core/Utilities/VSUsageUtility.cs:33 
  at Unity.VisualScripting.VSUsageUtility..cctor () [0x00000] in ./Library/PackageCache/com.unity.visualscripting@4edfcc09512f/Editor/VisualScripting.Core/Utilities/VSUsageUtility.cs:22 
UnityEngine.Debug:ExtractStackTraceNoAlloc (byte*,int,string)
UnityEngine.StackTraceUtility:ExtractStackTrace () (at /Users/bokken/build/output/unity/unity/Runtime/Export/Scripting/StackTrace.cs:23)
UnityEngine.DebugLogHandler:Internal_Log (UnityEngine.LogType,UnityEngine.LogOption,string,UnityEngine.Object)
UnityEngine.DebugLogHandler:LogFormat (UnityEngine.LogType,UnityEngine.Object,string,object[])
UnityEngine.Logger:Log (UnityEngine.LogType,object)
UnityEngine.Debug:LogError (object)
UnityEditor.EditorAssemblies:ProcessInitializeOnLoadAttributes (System.ReadOnlySpan`1<intptr>) (at /Users/bokken/build/output/unity/unity/Editor/Mono/EditorAssemblies.cs:142)

(Filename: /Users/bokken/build/output/unity/unity/Editor/Mono/EditorAssemblies.cs Line: 142)

ScheduleIndexationOnStartup MainProcess:False IndexOnStartup:True
Scripting: successfully reloaded assembly
[Package Manager] Failed to launch server process. Reason: Unity was launched with the -noUpm command-line argument
[Package Manager] Unable to send message (not connected to server process).
[Package Manager] Cannot connect to Unity Package Manager local server
- Finished resetting the current domain, in  1.512 seconds
Domain Reload Profiling: 2315ms
	BeginReloadAssembly (215ms)
		DisableScriptedObjects (9ms)
		CreateAndSetChildDomain (65ms)
	RebuildCommonClasses (4ms)
	RebuildNativeTypeToScriptingClass (9ms)
	initialDomainReloadingComplete (41ms)
	LoadAllAssembliesAndSetupDomain (533ms)
		LoadAssemblies (207ms)
		TypeCache.Refresh (140ms)
			TypeCache.ScanAssembly (95ms)
		AnalyzeDomain (131ms)
			BuildScriptInfoCaches (122ms)
			ResolveRequiredComponents (4ms)
	FinalizeReload (1513ms)
		SetupLoadedEditorAssemblies (0ms)
			InitializePlatformSupportModulesInManaged (4ms)
			BeforeProcessingInitializeOnLoad (46ms)
			ProcessInitializeOnLoadAttributes (869ms)
			ProcessInitializeOnLoadMethodAttributes (113ms)
		AwakeInstancesAfterBackupRestoration (11ms)
WARNING: Shader Unsupported: 'Universal Render Pipeline/VR/SpatialMapping/Wireframe' - All subshaders removed
WARNING: Shader Did you use #pragma only_renderers and omit this platform?
WARNING: Shader If subshaders removal was intentional, you may have forgotten turning Fallback off?
Shader Hidden/ChartRasterizerHardware is not supported: GPU does not support conservative rasterization
Refreshing native plugins compatible for Editor in 2.36 ms, found 15 plugins.
Unloading 146 Unused Serialized files (Serialized files now loaded: 0)
Unloading 9574 unused Assets / (20.7 MB). Loaded Objects now: 10468.
Memory consumption went from 274.2 MB to 253.5 MB.
Total: 27.134292 ms (FindLiveObjects: 1.644667 ms CreateObjectMapping: 0.741292 ms MarkObjects: 17.881166 ms  DeleteObjects: 6.573375 ms)

Prepare: number of updated asset objects reloaded= 0
========================================================================
Received Prepare
AcceleratorClientConnectionCallback - disconnected - :0
WARNING: Shader Unsupported: 'Universal Render Pipeline/VR/SpatialMapping/Wireframe' - All subshaders removed
WARNING: Shader Did you use #pragma only_renderers and omit this platform?
WARNING: Shader If subshaders removal was intentional, you may have forgotten turning Fallback off?
Shader Hidden/ChartRasterizerHardware is not supported: GPU does not support conservative rasterization
Refreshing native plugins compatible for Editor in 3.85 ms, found 15 plugins.
Unloading 146 Unused Serialized files (Serialized files now loaded: 0)
Unloading 146 unused Assets / (16.2 MB). Loaded Objects now: 10468.
Memory consumption went from 262.1 MB to 245.9 MB.
Total: 45.677667 ms (FindLiveObjects: 0.706000 ms CreateObjectMapping: 0.314416 ms MarkObjects: 40.893334 ms  DeleteObjects: 3.449583 ms)

Prepare: number of updated asset objects reloaded= 0
========================================================================
Received Prepare
AcceleratorClientConnectionCallback - disconnected - :0
[Licensing::Client] Successfully resolved entitlement details
Begin MonoManager ReloadAssembly
Thread 0x178f93000 may have been prematurely finalized
Symbol file LoadedFromMemory is not a mono symbol file
Script 'CharacterController' has the same name as built-in Unity component.
AddComponent and GetComponent will not work with this script.
'Packages/com.meta.xr.sdk.core/Editor/RuntimeOptimizer/RuntimeOptimizerNetworking.cs' contains partial class of Unity.Object, exactly 1 of the partial classes needs to be in a file with the same filename. This is to know the one that can be referenced from ie. GameObjects
'Packages/com.meta.xr.sdk.core/Editor/BuildingBlocks/BlocksWindow.cs' contains partial class of Unity.Object, exactly 1 of the partial classes needs to be in a file with the same filename. This is to know the one that can be referenced from ie. GameObjects
'Packages/com.meta.xr.sdk.core/Editor/RuntimeOptimizer/RuntimeOptimizerStyles.cs' contains partial class of Unity.Object, exactly 1 of the partial classes needs to be in a file with the same filename. This is to know the one that can be referenced from ie. GameObjects
'Packages/com.meta.xr.sdk.core/Editor/RuntimeOptimizer/RuntimeOptimizer.cs' contains partial class of Unity.Object, exactly 1 of the partial classes needs to be in a file with the same filename. This is to know the one that can be referenced from ie. GameObjects
'Packages/com.unity.render-pipelines.core/Editor/Deprecated.cs' contains partial class of Unity.Object, exactly 1 of the partial classes needs to be in a file with the same filename. This is to know the one that can be referenced from ie. GameObjects
'Packages/com.unity.render-pipelines.core/Editor/Deprecated.cs' contains partial class of Unity.Object, exactly 1 of the partial classes needs to be in a file with the same filename. This is to know the one that can be referenced from ie. GameObjects
'Packages/com.meta.xr.sdk.core/Editor/BuildingBlocks/BlocksWindowDetailsExtension.cs' contains partial class of Unity.Object, exactly 1 of the partial classes needs to be in a file with the same filename. This is to know the one that can be referenced from ie. GameObjects
'Packages/com.meta.xr.sdk.core/Editor/BuildingBlocks/BlocksWindowCollectionsPageExtension.cs' contains partial class of Unity.Object, exactly 1 of the partial classes needs to be in a file with the same filename. This is to know the one that can be referenced from ie. GameObjects
Refreshing native plugins compatible for Editor in 3.34 ms, found 15 plugins.
[Licensing::Client] Successfully resolved entitlement details
Native extension for Android target not found
Native extension for OSXStandalone target not found
Native extension for WebGL target not found
[Package Manager] Failed to launch server process. Reason: Unity was launched with the -noUpm command-line argument
[Package Manager] Unable to send message (not connected to server process).
[Package Manager] Cannot connect to Unity Package Manager local server
Refreshing native plugins compatible for Editor in 2.02 ms, found 15 plugins.
[Package Manager] Failed to launch server process. Reason: Unity was launched with the -noUpm command-line argument
[Package Manager] Unable to send message (not connected to server process).
[Package Manager] Cannot connect to Unity Package Manager local server
[Package Manager] Failed to launch server process. Reason: Unity was launched with the -noUpm command-line argument
[Package Manager] Unable to send message (not connected to server process).
[Package Manager] Cannot connect to Unity Package Manager local server
[Package Manager] Failed to launch server process. Reason: Unity was launched with the -noUpm command-line argument
[Package Manager] Unable to send message (not connected to server process).
[Package Manager] Cannot connect to Unity Package Manager local server
System.Exception: Error! Visual Scripting: couldn't find visual scripting package
  at Unity.VisualScripting.PackageVersionUtility.get_version () [0x00043] in ./Library/PackageCache/com.unity.visualscripting@4edfcc09512f/Editor/VisualScripting.Core/Utilities/PackageVersionUtility.cs:31 
  at Unity.VisualScripting.BoltCoreManifest.get_version () [0x00000] in ./Library/PackageCache/com.unity.visualscripting@4edfcc09512f/Editor/VisualScripting.Core/Plugin/BoltCoreManifest.cs:11 
  at Unity.VisualScripting.PluginManifest.get_currentVersion () [0x00000] in ./Library/PackageCache/com.unity.visualscripting@4edfcc09512f/Editor/VisualScripting.Core/Plugins/PluginManifest.cs:33 
  at Unity.VisualScripting.PluginManifest.get_versionMismatch () [0x00000] in ./Library/PackageCache/com.unity.visualscripting@4edfcc09512f/Editor/VisualScripting.Core/Plugins/PluginManifest.cs:48 
  at Unity.VisualScripting.PluginContainer.Initialize () [0x00525] in ./Library/PackageCache/com.unity.visualscripting@4edfcc09512f/Editor/VisualScripting.Core/Plugins/PluginContainer.cs:208 
  at Unity.VisualScripting.PluginContainer.InitializeOnLoad () [0x00009] in ./Library/PackageCache/com.unity.visualscripting@4edfcc09512f/Editor/VisualScripting.Core/Plugins/PluginContainer.cs:32 
  at Unity.VisualScripting.VSUsageUtility.DoInitializeOnLoadCalls () [0x00034] in ./Library/PackageCache/com.unity.visualscripting@4edfcc09512f/Editor/VisualScripting.Core/Utilities/VSUsageUtility.cs:76 
  at Unity.VisualScripting.VSUsageUtility.set_isVisualScriptingUsed (System.Boolean value) [0x0002c] in ./Library/PackageCache/com.unity.visualscripting@4edfcc09512f/Editor/VisualScripting.Core/Utilities/VSUsageUtility.cs:114 
  at Unity.VisualScripting.VSUsageUtility.CheckAndSetIsVisualScriptingUsed () [0x0000d] in ./Library/PackageCache/com.unity.visualscripting@4edfcc09512f/Editor/VisualScripting.Core/Utilities/VSUsageUtility.cs:33 
  at Unity.VisualScripting.VSUsageUtility..cctor () [0x00000] in ./Library/PackageCache/com.unity.visualscripting@4edfcc09512f/Editor/VisualScripting.Core/Utilities/VSUsageUtility.cs:22 
UnityEngine.Debug:ExtractStackTraceNoAlloc (byte*,int,string)
UnityEngine.StackTraceUtility:ExtractStackTrace () (at /Users/bokken/build/output/unity/unity/Runtime/Export/Scripting/StackTrace.cs:23)
UnityEngine.DebugLogHandler:Internal_Log (UnityEngine.LogType,UnityEngine.LogOption,string,UnityEngine.Object)
UnityEngine.DebugLogHandler:LogFormat (UnityEngine.LogType,UnityEngine.Object,string,object[])
UnityEngine.Logger:Log (UnityEngine.LogType,object)
UnityEngine.Debug:LogError (object)
UnityEditor.EditorAssemblies:ProcessInitializeOnLoadAttributes (System.ReadOnlySpan`1<intptr>) (at /Users/bokken/build/output/unity/unity/Editor/Mono/EditorAssemblies.cs:142)

(Filename: /Users/bokken/build/output/unity/unity/Editor/Mono/EditorAssemblies.cs Line: 142)

ScheduleIndexationOnStartup MainProcess:False IndexOnStartup:True
Scripting: successfully reloaded assembly
[Package Manager] Failed to launch server process. Reason: Unity was launched with the -noUpm command-line argument
[Package Manager] Unable to send message (not connected to server process).
[Package Manager] Cannot connect to Unity Package Manager local server
- Finished resetting the current domain, in  0.931 seconds
Domain Reload Profiling: 1659ms
	BeginReloadAssembly (197ms)
		DisableScriptedObjects (7ms)
		CreateAndSetChildDomain (54ms)
	RebuildCommonClasses (4ms)
	RebuildNativeTypeToScriptingClass (8ms)
	initialDomainReloadingComplete (44ms)
	LoadAllAssembliesAndSetupDomain (474ms)
		LoadAssemblies (232ms)
		TypeCache.Refresh (113ms)
			TypeCache.ScanAssembly (88ms)
		AnalyzeDomain (106ms)
			BuildScriptInfoCaches (101ms)
			ResolveRequiredComponents (3ms)
	FinalizeReload (932ms)
		SetupLoadedEditorAssemblies (0ms)
			InitializePlatformSupportModulesInManaged (4ms)
			BeforeProcessingInitializeOnLoad (43ms)
			ProcessInitializeOnLoadAttributes (396ms)
			ProcessInitializeOnLoadMethodAttributes (99ms)
		AwakeInstancesAfterBackupRestoration (10ms)
WARNING: Shader Unsupported: 'Universal Render Pipeline/VR/SpatialMapping/Wireframe' - All subshaders removed
WARNING: Shader Did you use #pragma only_renderers and omit this platform?
WARNING: Shader If subshaders removal was intentional, you may have forgotten turning Fallback off?
Shader Hidden/ChartRasterizerHardware is not supported: GPU does not support conservative rasterization
Refreshing native plugins compatible for Editor in 2.60 ms, found 15 plugins.
Unloading 146 Unused Serialized files (Serialized files now loaded: 0)
Unloading 9574 unused Assets / (21.0 MB). Loaded Objects now: 10474.
Memory consumption went from 283.5 MB to 262.5 MB.
Total: 20.468917 ms (FindLiveObjects: 0.637583 ms CreateObjectMapping: 0.637375 ms MarkObjects: 15.039833 ms  DeleteObjects: 3.899083 ms)

Prepare: number of updated asset objects reloaded= 0
========================================================================
Received Prepare
AcceleratorClientConnectionCallback - disconnected - :0
WARNING: Shader Unsupported: 'Universal Render Pipeline/VR/SpatialMapping/Wireframe' - All subshaders removed
WARNING: Shader Did you use #pragma only_renderers and omit this platform?
WARNING: Shader If subshaders removal was intentional, you may have forgotten turning Fallback off?
Shader Hidden/ChartRasterizerHardware is not supported: GPU does not support conservative rasterization
Refreshing native plugins compatible for Editor in 2.66 ms, found 15 plugins.
Unloading 146 Unused Serialized files (Serialized files now loaded: 0)
Unloading 146 unused Assets / (16.2 MB). Loaded Objects now: 10474.
Memory consumption went from 270.8 MB to 254.5 MB.
Total: 74.667042 ms (FindLiveObjects: 0.680542 ms CreateObjectMapping: 0.242542 ms MarkObjects: 68.394708 ms  DeleteObjects: 5.087958 ms)

Prepare: number of updated asset objects reloaded= 0
========================================================================
Received Prepare
AcceleratorClientConnectionCallback - disconnected - :0
WARNING: Shader Unsupported: 'Universal Render Pipeline/VR/SpatialMapping/Wireframe' - All subshaders removed
WARNING: Shader Did you use #pragma only_renderers and omit this platform?
WARNING: Shader If subshaders removal was intentional, you may have forgotten turning Fallback off?
Shader Hidden/ChartRasterizerHardware is not supported: GPU does not support conservative rasterization
Refreshing native plugins compatible for Editor in 3.45 ms, found 15 plugins.
Unloading 146 Unused Serialized files (Serialized files now loaded: 0)
Unloading 146 unused Assets / (16.2 MB). Loaded Objects now: 10474.
Memory consumption went from 269.9 MB to 253.6 MB.
Total: 66.271416 ms (FindLiveObjects: 1.304417 ms CreateObjectMapping: 0.494166 ms MarkObjects: 58.923125 ms  DeleteObjects: 5.191750 ms)

Prepare: number of updated asset objects reloaded= 0
========================================================================
Received Prepare
AcceleratorClientConnectionCallback - disconnected - :0
WARNING: Shader Unsupported: 'Universal Render Pipeline/VR/SpatialMapping/Wireframe' - All subshaders removed
WARNING: Shader Did you use #pragma only_renderers and omit this platform?
WARNING: Shader If subshaders removal was intentional, you may have forgotten turning Fallback off?
Shader Hidden/ChartRasterizerHardware is not supported: GPU does not support conservative rasterization
Refreshing native plugins compatible for Editor in 2.64 ms, found 15 plugins.
Unloading 146 Unused Serialized files (Serialized files now loaded: 0)
Unloading 146 unused Assets / (16.2 MB). Loaded Objects now: 10474.
Memory consumption went from 269.0 MB to 252.8 MB.
Total: 55.712042 ms (FindLiveObjects: 2.686917 ms CreateObjectMapping: 0.333583 ms MarkObjects: 48.272417 ms  DeleteObjects: 4.288875 ms)

Prepare: number of updated asset objects reloaded= 0
========================================================================
Received Prepare
AcceleratorClientConnectionCallback - disconnected - :0
WARNING: Shader Unsupported: 'Universal Render Pipeline/VR/SpatialMapping/Wireframe' - All subshaders removed
WARNING: Shader Did you use #pragma only_renderers and omit this platform?
WARNING: Shader If subshaders removal was intentional, you may have forgotten turning Fallback off?
Shader Hidden/ChartRasterizerHardware is not supported: GPU does not support conservative rasterization
Refreshing native plugins compatible for Editor in 2.62 ms, found 15 plugins.
Unloading 146 Unused Serialized files (Serialized files now loaded: 0)
Unloading 146 unused Assets / (16.2 MB). Loaded Objects now: 10474.
Memory consumption went from 268.1 MB to 251.9 MB.
Total: 51.575625 ms (FindLiveObjects: 0.512625 ms CreateObjectMapping: 0.154167 ms MarkObjects: 48.016458 ms  DeleteObjects: 2.753250 ms)

Prepare: number of updated asset objects reloaded= 0
Editor requested this worker to shutdown with reason: Editor is closing down
AcceleratorClientConnectionCallback - disconnected - :0
Thread 0x17f607000 may have been prematurely finalized
AssetImportWorker is now disconnected from the server
Process exiting
[ExitDontLaunchBugReporter] Exiting without the bug reporter. Application will exit with return code 0
libc++abi: terminate_handler unexpectedly returned
Obtained 17 stack frames.
Thread 0x177f7b000 may have been prematurely finalized
#0  0x0000018075c5e8 in __pthread_kill
Thread 0x177f7b000 may have been prematurely finalized
#1  0x0000018069d978 in abort
Thread 0x177f7b000 may have been prematurely finalized
#2  0x0000018074e72c in __cxxabiv1::__shim_type_info::~__shim_type_info()
Thread 0x177f7b000 may have been prematurely finalized
#3  0x0000018074b768 in std::__terminate(void (*)())
Thread 0x177f7b000 may have been prematurely finalized
#4  0x0000018074dbe4 in __cxa_get_exception_ptr
Thread 0x177f7b000 may have been prematurely finalized
#5  0x0000018073a09c in __cxa_get_globals
Thread 0x177f7b000 may have been prematurely finalized
#6  0x000001806cd0a4 in std::__1::__throw_system_error[abi:nqe210106](std::__1::error_code, char const*)
Thread 0x177f7b000 may have been prematurely finalized
#7  0x000001806cd048 in std::__1::__throw_system_error[abi:nqe210106](std::__1::error_code, char const*)
Thread 0x177f7b000 may have been prematurely finalized
#8  0x000001806aa028 in std::__1::mutex::unlock()
Thread 0x177f7b000 may have been prematurely finalized
#9  0x000001786a06e0 in evsignal_dealloc
Thread 0x177f7b000 may have been prematurely finalized
#10 0x0000017868eaf0 in evsignal_dealloc
Thread 0x177f7b000 may have been prematurely finalized
#11 0x000001786ab2f4 in evsignal_dealloc
Thread 0x177f7b000 may have been prematurely finalized
#12 0x000001786ab584 in evsignal_dealloc
Thread 0x177f7b000 may have been prematurely finalized
#13 0x000001786aacac in evsignal_dealloc
Thread 0x177f7b000 may have been prematurely finalized
#14 0x000001786a7a6c in evsignal_dealloc
Thread 0x177f7b000 may have been prematurely finalized
#15 0x000001784a2618 in OVR::DeveloperTelemetry::setFalcoConsentList(std::__1::vector<std::__1::basic_string<char, std::__1::char_traits<char>, std::__1::allocator<char>>, std::__1::allocator<std::__1::basic_string<char, std::__1::char_traits<char>, std::__1::allocator<char>>>>)
Thread 0x177f7b000 may have been prematurely finalized
#16 0x00000180797c58 in _pthread_start
