Unity Editor version:    6000.6.0f1 (f7f8ed4d1e24)
Branch:                  6000.6/respin/6000.6.0f1-fa21a270ab12
Build type:              Release
Batch mode:              YES
macOS version:           Version 26.6.2 (Build 25G83)
Darwin version:          25.6.0
Architecture:            arm64
Running under Rosetta:   NO
Available memory:        16384 MB
Date:                    2026-10-08T05:18:22Z
[Licensing::Module] Trying to connect to existing licensing client channel...
[Licensing::IpcConnector] Successfully connected to: "LicenseClient-ariq" at "2026-10-08T05:18:22.903679Z"

COMMAND LINE ARGUMENTS:
/Applications/Unity/Hub/Editor/6000.6.0f1/Unity.app/Contents/MacOS/Unity
-adb2
-batchMode
-noUpm
-name
AssetImportWorkerHW0
-projectPath
/Users/ariq/Code/Unity Practice/Prac1
-logFile
Logs/AssetImportWorkerHW0.log
-srvPort
53139
-parentPid
23293
-analyticsCloudUserId
anonymous
-analyticsLocalProjectId
2b94f3745e8744acfb835fba0dc1ae95
-editorAnalyticsEnabled
1
-cbmEditorLicense
c9f0bee0f9744c4063721faef05686f86c92f518
-cbmMachineId
EvBO0VdNJZ9vYdiVVTgd+fZZnCM=
-licensingIpc
LicenseClient-ariq
-noDiagnosticSwitchPersistentStore
-job-worker-count
4
-background-job-worker-count
8
-asset-garbage-collectors
1
-force-metal
-name AssetImport
Successfully changed project path to: /Users/ariq/Code/Unity Practice/Prac1
/Users/ariq/Code/Unity Practice/Prac1
[UnityMemory] Configuration Parameters - Can be set up in boot.config
    "memorysetup-temp-allocator-size-gi-baking-worker=262144"
    "memorysetup-temp-allocator-size-gi-baking-worker=262144"
    "memorysetup-temp-allocator-size-gi-baking-worker=262144"
    "memorysetup-temp-allocator-size-gi-baking-worker=262144"
    "memorysetup-temp-allocator-size-gi-baking-worker=262144"
    "memorysetup-temp-allocator-size-nav-mesh-worker=65536"
    "memorysetup-temp-allocator-size-audio-worker=65536"
    "memorysetup-temp-allocator-size-cloud-worker=32768"
    "memorysetup-temp-allocator-size-preload-manager=33554432"
    "memorysetup-remapper-allocator-initial-capacity=32768"
    "memorysetup-temp-allocator-size-gfx=262144"
    "memorysetup-allocator-temp-initial-block-size-main=262144"
    "memorysetup-allocator-temp-initial-block-size-worker=262144"
    "memorysetup-temp-allocator-size-background-worker=32768"
    "memorysetup-temp-allocator-size-job-worker=262144"
    "memorysetup-bucket-allocator-granularity=16"
    "memorysetup-bucket-allocator-bucket-count=8"
    "memorysetup-bucket-allocator-block-size=33554432"
    "memorysetup-bucket-allocator-block-count=8"
    "memorysetup-main-allocator-block-size=16777216"
    "memorysetup-thread-allocator-block-size=16777216"
    "memorysetup-main-allocator-mimalloc-enabled=1"
    "memorysetup-gfx-main-allocator-block-size=16777216"
    "memorysetup-gfx-thread-allocator-block-size=16777216"
    "memorysetup-cache-allocator-block-size=4194304"
    "memorysetup-typetree-allocator-block-size=2097152"
    "memorysetup-profiler-bucket-allocator-granularity=16"
    "memorysetup-profiler-bucket-allocator-bucket-count=8"
    "memorysetup-profiler-bucket-allocator-block-size=33554432"
    "memorysetup-profiler-bucket-allocator-block-count=8"
    "memorysetup-profiler-allocator-block-size=16777216"
    "memorysetup-profiler-editor-allocator-block-size=1048576"
    "memorysetup-temp-allocator-size-main=16777216"
    "memorysetup-job-temp-allocator-block-size=2097152"
    "memorysetup-job-temp-allocator-block-size-background=1048576"
    "memorysetup-job-temp-allocator-reduction-small-platforms=262144"
Player connection [8273092992]  Target information:

Player connection [8273092992]  * "[IP] 127.0.2.2 [Port] 0 [Flags] 2 [Guid] 930160448 [EditorId] 930160448 [Version] 1048832 [Id] OSXEditor(0,dyn-118-138-50-126.its.monash.edu.au) [Debug] 1 [PackageName] OSXEditor [ProjectName] Editor" 

Player connection [8273092992]  * "[IP] 127.0.2.3 [Port] 0 [Flags] 2 [Guid] 930160448 [EditorId] 930160448 [Version] 1048832 [Id] OSXEditor(0,dyn-118-138-50-126.its.monash.edu.au) [Debug] 1 [PackageName] OSXEditor [ProjectName] Editor" 

Player connection [8273092992]  * "[IP] 118.138.50.126 [Port] 0 [Flags] 2 [Guid] 930160448 [EditorId] 930160448 [Version] 1048832 [Id] OSXEditor(0,dyn-118-138-50-126.its.monash.edu.au) [Debug] 1 [PackageName] OSXEditor [ProjectName] Editor" 

Player connection [8273092992]  * "[IP] 172.16.0.2 [Port] 0 [Flags] 2 [Guid] 930160448 [EditorId] 930160448 [Version] 1048832 [Id] OSXEditor(0,dyn-118-138-50-126.its.monash.edu.au) [Debug] 1 [PackageName] OSXEditor [ProjectName] Editor" 

Player connection [8273092992] Host joined multi-casting on [225.0.0.222:54997]...
Player connection [8273092992] Host joined alternative multi-casting on [225.0.0.222:34997]...
JobSystem: Creating JobQueue using job-worker-count value 4
Input System module state changed to: Initialized.
[Physics::Module] Initialized fallback backend.
[Physics::Module] Id: 0xdecafbad
Library Redirect Path: Library/
Initialising UDS system complete:
  - System type: Client
  - Resource namespace: c95392a07015f6e02411e91123f04d9d
  - Shared memory size: 1073741824
  - Command buffer id: 1052672
  - Command buffer size: 8192
  - Hashmap size: 4194304
  - Service connected: true
  - Service working directory: Library/DataStore/
[Physics::Module] Selected backend.
[Physics::Module] Name: PhysX
[Physics::Module] Id: 0xf2b8ea05
[Physics::Module] SDK Version: 4.1.2
[Physics::Module] Integration Version: 1.0.0
[Physics::Module] Threading Mode: Multi-Threaded
Refreshing native plugins compatible for Editor in 26.72 ms, found 15 plugins.
Initialize engine version: 6000.6.0f1 (f7f8ed4d1e24)
[EntityIdStore] init: VM path (explicit commit), pageSize=16384, blockCount=262144, entitiesPerBlock=1024, slots reserved=4294967296 bytes
[Subsystems] Discovering subsystems at path /Applications/Unity/Hub/Editor/6000.6.0f1/Unity.app/Contents/Resources/UnitySubsystems
[Subsystems] Discovering subsystems at path /Users/ariq/Code/Unity Practice/Prac1/Assets
Forcing GfxDevice: Metal
GfxDevice: creating device client; kGfxThreadingModeNonThreaded
 preferred device: Apple M5 (high power)
Metal devices available: 1
0: Apple M5 (high power)
Using device Apple M5 (high power)
Initializing Metal device caps: Apple M5
Mac GPU Family: 2
Apple GPU Family: 9
MSL Version: 3.0
Has Float MSAA: 1
Has Float Filtering: 1
ReadWrite Texture Tier: 2
Cannot attach thread to NULL scripting domain.
Cannot attach thread to NULL scripting domain.
Cannot attach thread to NULL scripting domain.
Cannot attach thread to NULL scripting domain.
Cannot attach thread to NULL scripting domain.
Cannot attach thread to NULL scripting domain.
Cannot attach thread to NULL scripting domain.
Cannot attach thread to NULL scripting domain.
Cannot attach thread to NULL scripting domain.
Cannot attach thread to NULL scripting domain.
Cannot attach thread to NULL scripting domain.
Cannot attach thread to NULL scripting domain.
Cannot attach thread to NULL scripting domain.
Cannot attach thread to NULL scripting domain.
Cannot attach thread to NULL scripting domain.
Cannot attach thread to NULL scripting domain.
Cannot attach thread to NULL scripting domain.
Cannot attach thread to NULL scripting domain.
Cannot attach thread to NULL scripting domain.
Cannot attach thread to NULL scripting domain.
Cannot attach thread to NULL scripting domain.
Cannot attach thread to NULL scripting domain.
Cannot attach thread to NULL scripting domain.
Cannot attach thread to NULL scripting domain.
Cannot attach thread to NULL scripting domain.
Cannot attach thread to NULL scripting domain.
Cannot attach thread to NULL scripting domain.
Cannot attach thread to NULL scripting domain.
Cannot attach thread to NULL scripting domain.
Cannot attach thread to NULL scripting domain.
Cannot attach thread to NULL scripting domain.
Cannot attach thread to NULL scripting domain.
Cannot attach thread to NULL scripting domain.
Cannot attach thread to NULL scripting domain.
Cannot attach thread to NULL scripting domain.
Cannot attach thread to NULL scripting domain.
Cannot attach thread to NULL scripting domain.
Cannot attach thread to NULL scripting domain.
Cannot attach thread to NULL scripting domain.
Cannot attach thread to NULL scripting domain.
Cannot attach thread to NULL scripting domain.
Cannot attach thread to NULL scripting domain.
Cannot attach thread to NULL scripting domain.
Cannot attach thread to NULL scripting domain.
Cannot attach thread to NULL scripting domain.
Cannot attach thread to NULL scripting domain.
Cannot attach thread to NULL scripting domain.
Cannot attach thread to NULL scripting domain.
Cannot attach thread to NULL scripting domain.
Cannot attach thread to NULL scripting domain.
Cannot attach thread to NULL scripting domain.
Cannot attach thread to NULL scripting domain.
Cannot attach thread to NULL scripting domain.
Cannot attach thread to NULL scripting domain.
Cannot attach thread to NULL scripting domain.
Cannot attach thread to NULL scripting domain.
Cannot attach thread to NULL scripting domain.
Cannot attach thread to NULL scripting domain.
Cannot attach thread to NULL scripting domain.
Cannot attach thread to NULL scripting domain.
Cannot attach thread to NULL scripting domain.
Cannot attach thread to NULL scripting domain.
Cannot attach thread to NULL scripting domain.
Cannot attach thread to NULL scripting domain.
Cannot attach thread to NULL scripting domain.
Cannot attach thread to NULL scripting domain.
Cannot attach thread to NULL scripting domain.
Cannot attach thread to NULL scripting domain.
Cannot attach thread to NULL scripting domain.
Cannot attach thread to NULL scripting domain.
Cannot attach thread to NULL scripting domain.
Cannot attach thread to NULL scripting domain.
Cannot attach thread to NULL scripting domain.
Cannot attach thread to NULL scripting domain.
Cannot attach thread to NULL scripting domain.
Cannot attach thread to NULL scripting domain.
Cannot attach thread to NULL scripting domain.
Cannot attach thread to NULL scripting domain.
Cannot attach thread to NULL scripting domain.
Cannot attach thread to NULL scripting domain.
Cannot attach thread to NULL scripting domain.
Cannot attach thread to NULL scripting domain.
Cannot attach thread to NULL scripting domain.
Cannot attach thread to NULL scripting domain.
Cannot attach thread to NULL scripting domain.
Cannot attach thread to NULL scripting domain.
Cannot attach thread to NULL scripting domain.
Cannot attach thread to NULL scripting domain.
Cannot attach thread to NULL scripting domain.
Cannot attach thread to NULL scripting domain.
Cannot attach thread to NULL scripting domain.
Cannot attach thread to NULL scripting domain.
Cannot attach thread to NULL scripting domain.
Cannot attach thread to NULL scripting domain.
Cannot attach thread to NULL scripting domain.
Cannot attach thread to NULL scripting domain.
Cannot attach thread to NULL scripting domain.
Cannot attach thread to NULL scripting domain.
Cannot attach thread to NULL scripting domain.
Cannot attach thread to NULL scripting domain.
Cannot attach thread to NULL scripting domain.
Cannot attach thread to NULL scripting domain.
Cannot attach thread to NULL scripting domain.
Cannot attach thread to NULL scripting domain.
Cannot attach thread to NULL scripting domain.
Cannot attach thread to NULL scripting domain.
Cannot attach thread to NULL scripting domain.
Cannot attach thread to NULL scripting domain.
Initialize mono
Mono path[0] = '/Applications/Unity/Hub/Editor/6000.6.0f1/Unity.app/Contents/Resources/Scripting/Managed'
Mono path[1] = '/Applications/Unity/Hub/Editor/6000.6.0f1/Unity.app/Contents/Resources/Scripting/BCLExtensions/runtime/netstandard2.1'
Mono path[2] = '/Applications/Unity/Hub/Editor/6000.6.0f1/Unity.app/Contents/Resources/Scripting/MonoBleedingEdge/lib/mono/unityjit-macos'
Mono config path = '/Applications/Unity/Hub/Editor/6000.6.0f1/Unity.app/Contents/Resources/Scripting/MonoBleedingEdge/etc'
Using monoOptions --debugger-agent=transport=dt_socket,embedding=1,server=y,suspend=n,address=127.0.0.1:56383
[Licensing::Client] Handshaking with LicensingClient:
  Version:                 1.18.3+d7ffd15
  Session Id:              b27c4e68c17642bdb0694e4616e5f983
  Correlation Id:          219293400554fd19e93f89868300a8a6
  External correlation Id: 7590306894416151503
  Machine Id:              EvBO0VdNJZ9vYdiVVTgd+fZZnCM=
[Licensing::Module] Successfully connected to LicensingClient on channel: "LicenseClient-ariq" (connect: 0.00s, validation: 0.00s, handshake: 0.79s)
[Licensing::IpcConnector] Successfully connected to: "LicenseClient-ariq-notifications" at "2026-10-08T05:18:23.697486Z"
[Licensing::Module] Licensing Background thread has ended after 0.79s
CodeReloadManager initialized
Begin MonoManager ReloadAssembly
Registering precompiled unity dll's ...
Register platform support module: /Applications/Unity/Hub/Editor/6000.6.0f1/PlaybackEngines/WebGLSupport/UnityEditor.WebGL.Extensions.dll
Register platform support module: /Applications/Unity/Hub/Editor/6000.6.0f1/PlaybackEngines/MacStandaloneSupport/UnityEditor.OSXStandalone.Extensions.dll
[Licensing::Client] Successfully resolved entitlement details
[Licensing::Module] License group:
  Id: 16768404542442-UnityPersXXXX
  Product: Unity Personal
  Type: Assigned
  Expiration: Unlimited
Register platform support module: /Applications/Unity/Hub/Editor/6000.6.0f1/PlaybackEngines/AndroidPlayer/UnityEditor.Android.Extensions.dll
Registered in 0.023467 seconds.
Native extension for Android target not found
Native extension for OSXStandalone target not found
Native extension for WebGL target not found
Package Manager log level set to [2]
[Package Manager] Failed to launch server process. Reason: Unity was launched with the -noUpm command-line argument
[Package Manager] Unable to send message (not connected to server process).
[Package Manager] Cannot connect to Unity Package Manager local server
ScheduleIndexationOnStartup MainProcess:False IndexOnStartup:True
Scripting: successfully reloaded assembly
- Finished resetting the current domain, in  1.093 seconds
Domain Reload Profiling: 1879ms
	BeginReloadAssembly (175ms)
	RebuildCommonClasses (8ms)
	RebuildNativeTypeToScriptingClass (23ms)
	initialDomainReloadingComplete (133ms)
	LoadAllAssembliesAndSetupDomain (447ms)
		LoadAssemblies (176ms)
		TypeCache.Refresh (351ms)
			TypeCache.ScanAssembly (327ms)
		AnalyzeDomain (1ms)
	FinalizeReload (1093ms)
		SetupLoadedEditorAssemblies (0ms)
			InitializePlatformSupportModulesInManaged (6ms)
			BeforeProcessingInitializeOnLoad (86ms)
			ProcessInitializeOnLoadAttributes (71ms)
			ProcessInitializeOnLoadMethodAttributes (814ms)
Initializing Unity extensions:
[Licensing::Client] Successfully resolved entitlement details
[CoreBusinessMetrics] Unexpected thread when updating session info.
[CoreBusinessMetrics] Unexpected thread when updating session info.
========================================================================
Worker process is ready to serve import requests
Import Worker Mode flag is 0x00
Begin MonoManager ReloadAssembly
Symbol file LoadedFromMemory is not a mono symbol file
Script 'CharacterController' has the same name as built-in Unity component.
AddComponent and GetComponent will not work with this script.
'Packages/com.meta.xr.sdk.core/Editor/RuntimeOptimizer/RuntimeOptimizerNetworking.cs' contains partial class of Unity.Object, exactly 1 of the partial classes needs to be in a file with the same filename. This is to know the one that can be referenced from ie. GameObjects
'Packages/com.meta.xr.sdk.core/Editor/BuildingBlocks/BlocksWindow.cs' contains partial class of Unity.Object, exactly 1 of the partial classes needs to be in a file with the same filename. This is to know the one that can be referenced from ie. GameObjects
'Packages/com.meta.xr.sdk.core/Editor/RuntimeOptimizer/RuntimeOptimizerStyles.cs' contains partial class of Unity.Object, exactly 1 of the partial classes needs to be in a file with the same filename. This is to know the one that can be referenced from ie. GameObjects
'Packages/com.meta.xr.sdk.core/Editor/RuntimeOptimizer/RuntimeOptimizer.cs' contains partial class of Unity.Object, exactly 1 of the partial classes needs to be in a file with the same filename. This is to know the one that can be referenced from ie. GameObjects
'Packages/com.unity.render-pipelines.core/Editor/Deprecated.cs' contains partial class of Unity.Object, exactly 1 of the partial classes needs to be in a file with the same filename. This is to know the one that can be referenced from ie. GameObjects
'Packages/com.unity.render-pipelines.core/Editor/Deprecated.cs' contains partial class of Unity.Object, exactly 1 of the partial classes needs to be in a file with the same filename. This is to know the one that can be referenced from ie. GameObjects
'Packages/com.meta.xr.sdk.core/Editor/BuildingBlocks/BlocksWindowDetailsExtension.cs' contains partial class of Unity.Object, exactly 1 of the partial classes needs to be in a file with the same filename. This is to know the one that can be referenced from ie. GameObjects
'Packages/com.meta.xr.sdk.core/Editor/BuildingBlocks/BlocksWindowCollectionsPageExtension.cs' contains partial class of Unity.Object, exactly 1 of the partial classes needs to be in a file with the same filename. This is to know the one that can be referenced from ie. GameObjects
Refreshing native plugins compatible for Editor in 3.85 ms, found 15 plugins.
Native extension for Android target not found
Native extension for OSXStandalone target not found
Native extension for WebGL target not found
[Package Manager] Failed to launch server process. Reason: Unity was launched with the -noUpm command-line argument
[Package Manager] Unable to send message (not connected to server process).
[Package Manager] Cannot connect to Unity Package Manager local server
Refreshing native plugins compatible for Editor in 4.13 ms, found 15 plugins.
I1008 16:18:28.072749 45064108 OVRTelemetry.cpp:57] Telemetry_Init: calling startSession with engineName=Unity, pluginVersion=1.207.0
sh: adb: command not found
I1008 16:18:28.079640 45064108 OVRTelemetry.cpp:61] Telemetry_Init: startSession completed successfully
[Package Manager] Failed to launch server process. Reason: Unity was launched with the -noUpm command-line argument
[Package Manager] Unable to send message (not connected to server process).
[Package Manager] Cannot connect to Unity Package Manager local server
[Package Manager] Failed to launch server process. Reason: Unity was launched with the -noUpm command-line argument
[Package Manager] Unable to send message (not connected to server process).
[Package Manager] Cannot connect to Unity Package Manager local server
I1008 16:18:28.656815 45064108 OVRTelemetry.cpp:57] Telemetry_Init: calling startSession with engineName=Unity, pluginVersion=1.207.0
sh: adb: command not found
I1008 16:18:28.662492 45064108 OVRTelemetry.cpp:61] Telemetry_Init: startSession completed successfully
[Package Manager] Failed to launch server process. Reason: Unity was launched with the -noUpm command-line argument
[Package Manager] Unable to send message (not connected to server process).
[Package Manager] Cannot connect to Unity Package Manager local server
System.Exception: Error! Visual Scripting: couldn't find visual scripting package
  at Unity.VisualScripting.PackageVersionUtility.get_version () [0x00043] in ./Library/PackageCache/com.unity.visualscripting@4edfcc09512f/Editor/VisualScripting.Core/Utilities/PackageVersionUtility.cs:31 
  at Unity.VisualScripting.BoltCoreManifest.get_version () [0x00000] in ./Library/PackageCache/com.unity.visualscripting@4edfcc09512f/Editor/VisualScripting.Core/Plugin/BoltCoreManifest.cs:11 
  at Unity.VisualScripting.PluginManifest.get_currentVersion () [0x00000] in ./Library/PackageCache/com.unity.visualscripting@4edfcc09512f/Editor/VisualScripting.Core/Plugins/PluginManifest.cs:33 
  at Unity.VisualScripting.PluginManifest.get_versionMismatch () [0x00000] in ./Library/PackageCache/com.unity.visualscripting@4edfcc09512f/Editor/VisualScripting.Core/Plugins/PluginManifest.cs:48 
  at Unity.VisualScripting.PluginContainer.Initialize () [0x00525] in ./Library/PackageCache/com.unity.visualscripting@4edfcc09512f/Editor/VisualScripting.Core/Plugins/PluginContainer.cs:208 
  at Unity.VisualScripting.PluginContainer.InitializeOnLoad () [0x00009] in ./Library/PackageCache/com.unity.visualscripting@4edfcc09512f/Editor/VisualScripting.Core/Plugins/PluginContainer.cs:32 
  at Unity.VisualScripting.VSUsageUtility.DoInitializeOnLoadCalls () [0x00034] in ./Library/PackageCache/com.unity.visualscripting@4edfcc09512f/Editor/VisualScripting.Core/Utilities/VSUsageUtility.cs:76 
  at Unity.VisualScripting.VSUsageUtility.set_isVisualScriptingUsed (System.Boolean value) [0x0002c] in ./Library/PackageCache/com.unity.visualscripting@4edfcc09512f/Editor/VisualScripting.Core/Utilities/VSUsageUtility.cs:114 
  at Unity.VisualScripting.VSUsageUtility.CheckAndSetIsVisualScriptingUsed () [0x00032] in ./Library/PackageCache/com.unity.visualscripting@4edfcc09512f/Editor/VisualScripting.Core/Utilities/VSUsageUtility.cs:48 
  at Unity.VisualScripting.VSUsageUtility..cctor () [0x00000] in ./Library/PackageCache/com.unity.visualscripting@4edfcc09512f/Editor/VisualScripting.Core/Utilities/VSUsageUtility.cs:22 
UnityEngine.Debug:ExtractStackTraceNoAlloc (byte*,int,string)
UnityEngine.StackTraceUtility:ExtractStackTrace () (at /Users/bokken/build/output/unity/unity/Runtime/Export/Scripting/StackTrace.cs:23)
UnityEngine.DebugLogHandler:Internal_Log (UnityEngine.LogType,UnityEngine.LogOption,string,UnityEngine.Object)
UnityEngine.DebugLogHandler:LogFormat (UnityEngine.LogType,UnityEngine.Object,string,object[])
UnityEngine.Logger:Log (UnityEngine.LogType,object)
UnityEngine.Debug:LogError (object)
UnityEditor.EditorAssemblies:ProcessInitializeOnLoadAttributes (System.ReadOnlySpan`1<intptr>) (at /Users/bokken/build/output/unity/unity/Editor/Mono/EditorAssemblies.cs:142)

(Filename: /Users/bokken/build/output/unity/unity/Editor/Mono/EditorAssemblies.cs Line: 142)

ScheduleIndexationOnStartup MainProcess:False IndexOnStartup:True
Scripting: successfully reloaded assembly
[Package Manager] Failed to launch server process. Reason: Unity was launched with the -noUpm command-line argument
[Package Manager] Unable to send message (not connected to server process).
[Package Manager] Cannot connect to Unity Package Manager local server
[Package Manager] Failed to launch server process. Reason: Unity was launched with the -noUpm command-line argument
[Package Manager] Unable to send message (not connected to server process).
[Package Manager] Cannot connect to Unity Package Manager local server
- Finished resetting the current domain, in  2.819 seconds
Domain Reload Profiling: 3828ms
	BeginReloadAssembly (160ms)
		DisableScriptedObjects (6ms)
		CreateAndSetChildDomain (24ms)
	RebuildCommonClasses (7ms)
	RebuildNativeTypeToScriptingClass (15ms)
	initialDomainReloadingComplete (63ms)
	LoadAllAssembliesAndSetupDomain (762ms)
		LoadAssemblies (309ms)
		TypeCache.Refresh (299ms)
			TypeCache.ScanAssembly (269ms)
		AnalyzeDomain (78ms)
			BuildScriptInfoCaches (72ms)
			ResolveRequiredComponents (4ms)
	FinalizeReload (2820ms)
		SetupLoadedEditorAssemblies (0ms)
			InitializePlatformSupportModulesInManaged (5ms)
			BeforeProcessingInitializeOnLoad (94ms)
			ProcessInitializeOnLoadAttributes (2361ms)
			ProcessInitializeOnLoadMethodAttributes (133ms)
		AwakeInstancesAfterBackupRestoration (5ms)
AcceleratorClientConnectionCallback - disconnected - :0
[OVRPlugin][INFO] UnityPluginLoad called

Launching external process: /Applications/Unity/Hub/Editor/6000.6.0f1/Unity.app/Contents/Helpers/UnityShaderCompiler
Launched and connected shader compiler UnityShaderCompiler after 0.68 seconds
Refreshing native plugins compatible for Editor in 3.50 ms, found 15 plugins.
Unloading 0 Unused Serialized files (Serialized files now loaded: 0)
Unloading 9430 unused Assets / (5.6 MB). Loaded Objects now: 10243.
Memory consumption went from 187.2 MB to 181.6 MB.
Total: 30.001000 ms (FindLiveObjects: 0.659166 ms CreateObjectMapping: 0.293667 ms MarkObjects: 27.484583 ms  DeleteObjects: 1.343208 ms)

========================================================================
Received Prepare
AcceleratorClientConnectionCallback - disconnected - :0
Shader 'Universal Render Pipeline/Nature/SpeedTree7': dependency 'BillboardShader' shader 'Universal Render Pipeline/Nature/SpeedTree7 Billboard' not found
Shader 'Universal Render Pipeline/Terrain/Lit': dependency 'AddPassShader' shader 'Hidden/Universal Render Pipeline/Terrain/Lit (Add Pass)' not found
Shader 'Universal Render Pipeline/Terrain/Lit': dependency 'BaseMapShader' shader 'Hidden/Universal Render Pipeline/Terrain/Lit (Base Pass)' not found
Shader 'Universal Render Pipeline/Terrain/Lit': dependency 'BaseMapGenShader' shader 'Hidden/Universal Render Pipeline/Terrain/Lit (Basemap Gen)' not found
WARNING: Shader Unsupported: 'Universal Render Pipeline/Terrain/Lit' - All subshaders removed
WARNING: Shader Did you use #pragma only_renderers and omit this platform?
WARNING: Shader If subshaders removal was intentional, you may have forgotten turning Fallback off?
WARNING: Shader Unsupported: 'Hidden/Universal Render Pipeline/Terrain/Lit (Base Pass)' - All subshaders removed
WARNING: Shader Did you use #pragma only_renderers and omit this platform?
WARNING: Shader If subshaders removal was intentional, you may have forgotten turning Fallback off?
WARNING: Shader Unsupported: 'Universal Render Pipeline/VR/SpatialMapping/Wireframe' - All subshaders removed
WARNING: Shader Did you use #pragma only_renderers and omit this platform?
WARNING: Shader If subshaders removal was intentional, you may have forgotten turning Fallback off?
Shader Hidden/ChartRasterizerHardware is not supported: GPU does not support conservative rasterization
Refreshing native plugins compatible for Editor in 10.78 ms, found 15 plugins.
Unloading 254 Unused Serialized files (Serialized files now loaded: 0)
Unloading 154 unused Assets / (17.2 MB). Loaded Objects now: 10343.
Memory consumption went from 211.4 MB to 194.2 MB.
Total: 51.926000 ms (FindLiveObjects: 0.544584 ms CreateObjectMapping: 0.224583 ms MarkObjects: 48.265042 ms  DeleteObjects: 2.664208 ms)

Prepare: number of updated asset objects reloaded= 137
========================================================================
Received Prepare
AcceleratorClientConnectionCallback - disconnected - :0
WARNING: Shader Unsupported: 'Universal Render Pipeline/VR/SpatialMapping/Wireframe' - All subshaders removed
WARNING: Shader Did you use #pragma only_renderers and omit this platform?
WARNING: Shader If subshaders removal was intentional, you may have forgotten turning Fallback off?
Shader Hidden/ChartRasterizerHardware is not supported: GPU does not support conservative rasterization
Refreshing native plugins compatible for Editor in 17.35 ms, found 15 plugins.
Unloading 148 Unused Serialized files (Serialized files now loaded: 0)
Unloading 148 unused Assets / (16.7 MB). Loaded Objects now: 10445.
Memory consumption went from 219.5 MB to 202.8 MB.
Total: 52.973500 ms (FindLiveObjects: 1.879167 ms CreateObjectMapping: 0.532625 ms MarkObjects: 46.999334 ms  DeleteObjects: 3.191125 ms)

Prepare: number of updated asset objects reloaded= 0
========================================================================
Received Prepare
AcceleratorClientConnectionCallback - disconnected - :0
WARNING: Shader Unsupported: 'Universal Render Pipeline/VR/SpatialMapping/Wireframe' - All subshaders removed
WARNING: Shader Did you use #pragma only_renderers and omit this platform?
WARNING: Shader If subshaders removal was intentional, you may have forgotten turning Fallback off?
Shader Hidden/ChartRasterizerHardware is not supported: GPU does not support conservative rasterization
Refreshing native plugins compatible for Editor in 5.23 ms, found 15 plugins.
Unloading 148 Unused Serialized files (Serialized files now loaded: 0)
Unloading 148 unused Assets / (16.8 MB). Loaded Objects now: 10445.
Memory consumption went from 219.4 MB to 202.6 MB.
Total: 61.545500 ms (FindLiveObjects: 0.941500 ms CreateObjectMapping: 0.420875 ms MarkObjects: 54.464833 ms  DeleteObjects: 5.435833 ms)

Prepare: number of updated asset objects reloaded= 0
========================================================================
Received Prepare
AcceleratorClientConnectionCallback - disconnected - :0
WARNING: Shader Unsupported: 'Universal Render Pipeline/VR/SpatialMapping/Wireframe' - All subshaders removed
WARNING: Shader Did you use #pragma only_renderers and omit this platform?
WARNING: Shader If subshaders removal was intentional, you may have forgotten turning Fallback off?
Shader Hidden/ChartRasterizerHardware is not supported: GPU does not support conservative rasterization
Refreshing native plugins compatible for Editor in 5.15 ms, found 15 plugins.
Unloading 148 Unused Serialized files (Serialized files now loaded: 0)
Unloading 148 unused Assets / (16.7 MB). Loaded Objects now: 10445.
Memory consumption went from 219.2 MB to 202.5 MB.
Total: 31.868375 ms (FindLiveObjects: 0.453750 ms CreateObjectMapping: 0.139666 ms MarkObjects: 28.381583 ms  DeleteObjects: 2.711334 ms)

Prepare: number of updated asset objects reloaded= 0
========================================================================
Received Prepare
AcceleratorClientConnectionCallback - disconnected - :0
WARNING: Shader Unsupported: 'Universal Render Pipeline/VR/SpatialMapping/Wireframe' - All subshaders removed
WARNING: Shader Did you use #pragma only_renderers and omit this platform?
WARNING: Shader If subshaders removal was intentional, you may have forgotten turning Fallback off?
Shader Hidden/ChartRasterizerHardware is not supported: GPU does not support conservative rasterization
Refreshing native plugins compatible for Editor in 4.01 ms, found 15 plugins.
Unloading 148 Unused Serialized files (Serialized files now loaded: 0)
Unloading 148 unused Assets / (16.7 MB). Loaded Objects now: 10445.
Memory consumption went from 219.0 MB to 202.2 MB.
Total: 28.612208 ms (FindLiveObjects: 0.404333 ms CreateObjectMapping: 0.130375 ms MarkObjects: 25.461958 ms  DeleteObjects: 2.435458 ms)

Prepare: number of updated asset objects reloaded= 0
========================================================================
Received Import Request.
  Time of request: 2026-10-08T05:19:32.854243Z
  Time since last request: 1750867.20662995800376 seconds.
  importAddress: GUID: 052faaac586de48259a63d0c4782560b - Path: Assets/InputSystem_Actions.inputactions - Importer: PreviewImporter
Importing 'GUID: 052faaac586de48259a63d0c4782560b - Path: Assets/InputSystem_Actions.inputactions - Importer: PreviewImporter' with importer (PreviewImporter)
Imported 'GUID: 052faaac586de48259a63d0c4782560b' -> (Import Result ID: '257a2ee0326124caa9f6719de2d6dccc') in 0.093 seconds [static and dynamic dependencies]. Details - ImportResultOutputID=4e6866f0f84aa3519782f1e548f633af DependenciesID=39cc8e40bd79ca09b235818d3015303c StaticDependenciesID=913369315914f078524f3016d2c45c57 
Number of updated asset objects reloaded before import = 0
Number of asset objects unloaded after import = 20
========================================================================
Received Import Request.
  Time of request: 2026-10-08T05:19:32.99904Z
  Time since last request: 0.000157917 seconds.
  importAddress: GUID: 8105016687592461f977c054a80ce2f2 - Path: Assets/Readme.asset - Importer: PreviewImporter
Importing 'GUID: 8105016687592461f977c054a80ce2f2 - Path: Assets/Readme.asset - Importer: PreviewImporter' with importer (PreviewImporter)
Imported 'GUID: 8105016687592461f977c054a80ce2f2' -> (Import Result ID: 'ab285575b1056c4f813b57a0aaec4304') in 0.004 seconds [static and dynamic dependencies]. Details - ImportResultOutputID=5fbf3bb5365282751b95b2d7eaa99ea3 DependenciesID=2eac7f28137f74482ba2c62e3e8e9d82 StaticDependenciesID=6bc4c2b327fa974a4ed2a3aa395ef82a 
Number of updated asset objects reloaded before import = 0
Number of asset objects unloaded after import = 5
========================================================================
Received Import Request.
  Time of request: 2026-10-08T05:19:35.873335Z
  Time since last request: 2.85792 seconds.
  importAddress: GUID: df6808c4184c6e14a94e108a6d01c791 - Path: Packages/com.meta.xr.sdk.core/Editor/AgentBridge - Importer: ScriptedImporter/UnityEditor.QuickSearchModule:UnityEditor.Search:ASIAI0B
Importing 'GUID: df6808c4184c6e14a94e108a6d01c791 - Path: Packages/com.meta.xr.sdk.core/Editor/AgentBridge - Importer: ScriptedImporter/UnityEditor.QuickSearchModule:UnityEditor.Search:ASIAI0B' with importer (ScriptedImporter : UnityEditor.QuickSearchModule:UnityEditor.Search:ASIAI0B)
Imported 'GUID: df6808c4184c6e14a94e108a6d01c791' -> (Import Result ID: '4888fa749f8662f387529ed181b09736') in 0.089 seconds [static and dynamic dependencies]. Details - ImportResultOutputID=5a016f867f9226068d4b2ce615f11496 DependenciesID=62a3bc04a41b3d569e4c7ca92e7d5c2d StaticDependenciesID=9a3b2bd8d05157c1d432c1cb2b994e51 
Number of updated asset objects reloaded before import = 0
Number of asset objects unloaded after import = 1
========================================================================
Received Import Request.
  Time of request: 2026-10-08T05:19:35.983296Z
  Time since last request: 0.001215958 seconds.
  importAddress: GUID: 50aa45b1973390b41b52ba7d060422e8 - Path: Packages/com.meta.xr.sdk.core/Editor/RuntimeOptimizer/Icons/ro_bullet.png - Importer: ScriptedImporter/UnityEditor.QuickSearchModule:UnityEditor.Search:ASIAI0B
Importing 'GUID: 50aa45b1973390b41b52ba7d060422e8 - Path: Packages/com.meta.xr.sdk.core/Editor/RuntimeOptimizer/Icons/ro_bullet.png - Importer: ScriptedImporter/UnityEditor.QuickSearchModule:UnityEditor.Search:ASIAI0B' with importer (ScriptedImporter : UnityEditor.QuickSearchModule:UnityEditor.Search:ASIAI0B)
[Licensing::Client] Successfully resolved entitlement details
Imported 'GUID: 50aa45b1973390b41b52ba7d060422e8' -> (Import Result ID: '9e845dd65c13d5fe98631bc44df60fde') in 0.087 seconds [static and dynamic dependencies]. Details - ImportResultOutputID=1b27f8025cf33510eada1ce870370f23 DependenciesID=b42ae112b41ec766b81ee56d8be8ae92 StaticDependenciesID=3767aea0f3aef88707f0b0f617f7a9f8 
Number of updated asset objects reloaded before import = 0
Number of asset objects unloaded after import = 1
========================================================================
Received Import Request.
  Time of request: 2026-10-08T05:19:36.085751Z
  Time since last request: 0.000811458 seconds.
  importAddress: GUID: 06b39fa2e636f8c468eb5722262e59e2 - Path: Packages/com.meta.xr.sdk.core/Scripts/BuildingBlocks/MultiplayerBlocks/Shared/NetworkedAvatar/Scripts/IAvatarStreamConfig.cs - Importer: ScriptedImporter/UnityEditor.QuickSearchModule:UnityEditor.Search:ASIAI0B
Importing 'GUID: 06b39fa2e636f8c468eb5722262e59e2 - Path: Packages/com.meta.xr.sdk.core/Scripts/BuildingBlocks/MultiplayerBlocks/Shared/NetworkedAvatar/Scripts/IAvatarStreamConfig.cs - Importer: ScriptedImporter/UnityEditor.QuickSearchModule:UnityEditor.Search:ASIAI0B' with importer (ScriptedImporter : UnityEditor.QuickSearchModule:UnityEditor.Search:ASIAI0B)
Imported 'GUID: 06b39fa2e636f8c468eb5722262e59e2' -> (Import Result ID: '6c4ddda58e55da78fd14c6bd018f718d') in 0.026 seconds [static and dynamic dependencies]. Details - ImportResultOutputID=6d6f612b730af1f9341280b6ab38fb93 DependenciesID=aa619717eea37400e52464f707ba581c StaticDependenciesID=ea4d715ca2f29e81bc7b21a3dea06a10 
Number of updated asset objects reloaded before import = 0
Number of asset objects unloaded after import = 0
========================================================================
Received Import Request.
  Time of request: 2026-10-08T05:19:36.126117Z
  Time since last request: 0.000943208 seconds.
  importAddress: GUID: d34d0af25c21141a98c0cf3c0066444f - Path: Packages/com.unity.mathematics/package.json - Importer: ScriptedImporter/UnityEditor.QuickSearchModule:UnityEditor.Search:ASIAI0B
Importing 'GUID: d34d0af25c21141a98c0cf3c0066444f - Path: Packages/com.unity.mathematics/package.json - Importer: ScriptedImporter/UnityEditor.QuickSearchModule:UnityEditor.Search:ASIAI0B' with importer (ScriptedImporter : UnityEditor.QuickSearchModule:UnityEditor.Search:ASIAI0B)
Imported 'GUID: d34d0af25c21141a98c0cf3c0066444f' -> (Import Result ID: '8affec6b022169aa7e716a12aaca5bc7') in 0.003 seconds [static and dynamic dependencies]. Details - ImportResultOutputID=94c34187069d93c7360dc296d818fe25 DependenciesID=bbec917c165369211d2ee8f9ea0b9827 StaticDependenciesID=c40e436aaf1f8478e30dfe8cd3655fb1 
Number of updated asset objects reloaded before import = 0
Number of asset objects unloaded after import = 1
========================================================================
Received Import Request.
  Time of request: 2026-10-08T05:19:36.143585Z
  Time since last request: 0.000614791 seconds.
  importAddress: GUID: 9d4113f2273046f0a13e0c42644ff134 - Path: Packages/com.meta.xr.sdk.core/Scripts/ImmersiveDebugger/Interface/Meta.XR.ImmersiveDebugger.Interface.asmdef - Importer: ScriptedImporter/UnityEditor.QuickSearchModule:UnityEditor.Search:ASIAI0B
Importing 'GUID: 9d4113f2273046f0a13e0c42644ff134 - Path: Packages/com.meta.xr.sdk.core/Scripts/ImmersiveDebugger/Interface/Meta.XR.ImmersiveDebugger.Interface.asmdef - Importer: ScriptedImporter/UnityEditor.QuickSearchModule:UnityEditor.Search:ASIAI0B' with importer (ScriptedImporter : UnityEditor.QuickSearchModule:UnityEditor.Search:ASIAI0B)
Imported 'GUID: 9d4113f2273046f0a13e0c42644ff134' -> (Import Result ID: '02c029d55d364a584c0fa095a15b1f72') in 0.003 seconds [static and dynamic dependencies]. Details - ImportResultOutputID=fbdfb7991536bee7b4b7c24f972fbebc DependenciesID=a9d658a4035c528eae2e6d6de275bda3 StaticDependenciesID=c4ebff366cccf26a782d33800637154b 
Number of updated asset objects reloaded before import = 0
Number of asset objects unloaded after import = 1
========================================================================
Received Import Request.
  Time of request: 2026-10-08T05:19:36.162892Z
  Time since last request: 0.000736292 seconds.
  importAddress: GUID: 1e6a5a4f7d23406c875c608f800e7e03 - Path: Packages/com.meta.xr.sdk.core/Scripts/ImmersiveDebugger/Managers/WatchManager.cs - Importer: ScriptedImporter/UnityEditor.QuickSearchModule:UnityEditor.Search:ASIAI0B
Importing 'GUID: 1e6a5a4f7d23406c875c608f800e7e03 - Path: Packages/com.meta.xr.sdk.core/Scripts/ImmersiveDebugger/Managers/WatchManager.cs - Importer: ScriptedImporter/UnityEditor.QuickSearchModule:UnityEditor.Search:ASIAI0B' with importer (ScriptedImporter : UnityEditor.QuickSearchModule:UnityEditor.Search:ASIAI0B)
Imported 'GUID: 1e6a5a4f7d23406c875c608f800e7e03' -> (Import Result ID: '1d59dab952ab2f45e16ca7975c5f8ffd') in 0.002 seconds [static and dynamic dependencies]. Details - ImportResultOutputID=0a8f1aa8a33915ecf83503bee8b80853 DependenciesID=8c9ccee44ade7e6f1ad57ae7be8c7171 StaticDependenciesID=e733df9e7e28ed1ce196cb1ffc99e951 
Number of updated asset objects reloaded before import = 0
Number of asset objects unloaded after import = 0
========================================================================
Received Import Request.
  Time of request: 2026-10-08T05:19:36.179223Z
  Time since last request: 0.0007665 seconds.
  importAddress: GUID: d369b86a2df63434f8f587c6abd1cbed - Path: Packages/com.meta.xr.sdk.core/Editor/BuildingBlocks/BlockData/Occlusion/Scripts/OcclusionBlockData.cs - Importer: ScriptedImporter/UnityEditor.QuickSearchModule:UnityEditor.Search:ASIAI0B
Importing 'GUID: d369b86a2df63434f8f587c6abd1cbed - Path: Packages/com.meta.xr.sdk.core/Editor/BuildingBlocks/BlockData/Occlusion/Scripts/OcclusionBlockData.cs - Importer: ScriptedImporter/UnityEditor.QuickSearchModule:UnityEditor.Search:ASIAI0B' with importer (ScriptedImporter : UnityEditor.QuickSearchModule:UnityEditor.Search:ASIAI0B)
Imported 'GUID: d369b86a2df63434f8f587c6abd1cbed' -> (Import Result ID: '839d1c0991ea41799123c3ed67fa57a5') in 0.001 seconds [static and dynamic dependencies]. Details - ImportResultOutputID=357df871b6725674c879d892729fd42f DependenciesID=3507b2c667c01f35176f999df60ab9f3 StaticDependenciesID=c9713f74042e502d75433d61cf22bbd9 
Number of updated asset objects reloaded before import = 0
Number of asset objects unloaded after import = 0
========================================================================
Received Import Request.
  Time of request: 2026-10-08T05:19:36.194154Z
  Time since last request: 0.000532667 seconds.
  importAddress: GUID: 53e3d264818da91478e5d067bc71a07f - Path: Packages/com.meta.xr.sdk.core/Editor/BuildingBlocks/BlockData/AIBlocks/ImageSegmentation/Materials/3DBoundingBoxes.mat - Importer: ScriptedImporter/UnityEditor.QuickSearchModule:UnityEditor.Search:ASIAI0B
Importing 'GUID: 53e3d264818da91478e5d067bc71a07f - Path: Packages/com.meta.xr.sdk.core/Editor/BuildingBlocks/BlockData/AIBlocks/ImageSegmentation/Materials/3DBoundingBoxes.mat - Importer: ScriptedImporter/UnityEditor.QuickSearchModule:UnityEditor.Search:ASIAI0B' with importer (ScriptedImporter : UnityEditor.QuickSearchModule:UnityEditor.Search:ASIAI0B)
Imported 'GUID: 53e3d264818da91478e5d067bc71a07f' -> (Import Result ID: '91e0fa02acd2445f40f960cdba002f3f') in 0.018 seconds [static and dynamic dependencies]. Details - ImportResultOutputID=ee5b90c795f2c2435f11ea8c32ca48f2 DependenciesID=72d3756cd9ee2ec2708e0d1bed6bc90c StaticDependenciesID=307ead288329e793386cb8ccb5502af9 
Number of updated asset objects reloaded before import = 0
Number of asset objects unloaded after import = 2
========================================================================
Received Import Request.
  Time of request: 2026-10-08T05:19:36.223463Z
  Time since last request: 0.000095833 seconds.
  importAddress: GUID: 292dd020ba4c24745a9f0fea2653b1f8 - Path: Packages/com.meta.xr.sdk.core/Editor/BuildingBlocks/BlockData/Occlusion/Prefabs - Importer: ScriptedImporter/UnityEditor.QuickSearchModule:UnityEditor.Search:ASIAI0B
Importing 'GUID: 292dd020ba4c24745a9f0fea2653b1f8 - Path: Packages/com.meta.xr.sdk.core/Editor/BuildingBlocks/BlockData/Occlusion/Prefabs - Importer: ScriptedImporter/UnityEditor.QuickSearchModule:UnityEditor.Search:ASIAI0B' with importer (ScriptedImporter : UnityEditor.QuickSearchModule:UnityEditor.Search:ASIAI0B)
Imported 'GUID: 292dd020ba4c24745a9f0fea2653b1f8' -> (Import Result ID: '575bebcb5e36b0890b0105d6e5367107') in 0.001 seconds [static and dynamic dependencies]. Details - ImportResultOutputID=733536cfde73c6f0834a643f33934d3f DependenciesID=398999c5bb6f9379751c44f0224769bb StaticDependenciesID=a6b325429a0970f8125f16ea5b85045b 
Number of updated asset objects reloaded before import = 0
Number of asset objects unloaded after import = 1
========================================================================
Received Import Request.
  Time of request: 2026-10-08T05:19:36.238983Z
  Time since last request: 0.000477625 seconds.
  importAddress: GUID: 2e8cd3fd2a0462e4da14057ccfe618bd - Path: Packages/com.meta.xr.sdk.core/Editor/MetaXROperator/MetaXROperatorEnabler.cs - Importer: ScriptedImporter/UnityEditor.QuickSearchModule:UnityEditor.Search:ASIAI0B
Importing 'GUID: 2e8cd3fd2a0462e4da14057ccfe618bd - Path: Packages/com.meta.xr.sdk.core/Editor/MetaXROperator/MetaXROperatorEnabler.cs - Importer: ScriptedImporter/UnityEditor.QuickSearchModule:UnityEditor.Search:ASIAI0B' with importer (ScriptedImporter : UnityEditor.QuickSearchModule:UnityEditor.Search:ASIAI0B)
Imported 'GUID: 2e8cd3fd2a0462e4da14057ccfe618bd' -> (Import Result ID: '851658a40f2287d4e0a97a6df1723dc0') in 0.001 seconds [static and dynamic dependencies]. Details - ImportResultOutputID=b614b09e21df5b703e5735f6bb35247f DependenciesID=1dad111a0ef0c644d7418bf837f29689 StaticDependenciesID=50dc828c759f6120cd5835a0cea9b87b 
Number of updated asset objects reloaded before import = 0
Number of asset objects unloaded after import = 0
========================================================================
Received Import Request.
  Time of request: 2026-10-08T05:19:36.254605Z
  Time since last request: 0.000303208 seconds.
  importAddress: GUID: aa9ba2a2503cf7342ba3646d4840c15e - Path: Packages/com.meta.xr.sdk.core/Scripts/ImmersiveDebugger/UserInterface/Resources/Styles/ImageStyles/MemberDescriptionBackground.asset - Importer: ScriptedImporter/UnityEditor.QuickSearchModule:UnityEditor.Search:ASIAI0B
Importing 'GUID: aa9ba2a2503cf7342ba3646d4840c15e - Path: Packages/com.meta.xr.sdk.core/Scripts/ImmersiveDebugger/UserInterface/Resources/Styles/ImageStyles/MemberDescriptionBackground.asset - Importer: ScriptedImporter/UnityEditor.QuickSearchModule:UnityEditor.Search:ASIAI0B' with importer (ScriptedImporter : UnityEditor.QuickSearchModule:UnityEditor.Search:ASIAI0B)
Imported 'GUID: aa9ba2a2503cf7342ba3646d4840c15e' -> (Import Result ID: '3fe931654ba95519f8078fa2701f8457') in 0.022 seconds [static and dynamic dependencies]. Details - ImportResultOutputID=8ae6947f7fe9a42510fb2af0db0e5829 DependenciesID=7cf3a6d5f2f6081507917c0823612d09 StaticDependenciesID=1e3cda1b0e81f8b0e57da336ffc71488 
Number of updated asset objects reloaded before import = 0
Number of asset objects unloaded after import = 2
========================================================================
Received Import Request.
  Time of request: 2026-10-08T05:19:36.290566Z
  Time since last request: 0.000862958 seconds.
  importAddress: GUID: 7c5823a610ad24dfbbd4a0ad49d5968d - Path: Packages/com.meta.xr.sdk.core/Scripts/BuildingBlocks/AIBlocks/Meta.XR.BuildingBlocks.AIBlocks.asmdef - Importer: ScriptedImporter/UnityEditor.QuickSearchModule:UnityEditor.Search:ASIAI0B
Importing 'GUID: 7c5823a610ad24dfbbd4a0ad49d5968d - Path: Packages/com.meta.xr.sdk.core/Scripts/BuildingBlocks/AIBlocks/Meta.XR.BuildingBlocks.AIBlocks.asmdef - Importer: ScriptedImporter/UnityEditor.QuickSearchModule:UnityEditor.Search:ASIAI0B' with importer (ScriptedImporter : UnityEditor.QuickSearchModule:UnityEditor.Search:ASIAI0B)
Imported 'GUID: 7c5823a610ad24dfbbd4a0ad49d5968d' -> (Import Result ID: 'e0fe791ab815fd65608b6e7fd210a507') in 0.002 seconds [static and dynamic dependencies]. Details - ImportResultOutputID=c2ad9f70bc00d694818e34ca1512297e DependenciesID=e969c2c23b66550a521e11e338053ce7 StaticDependenciesID=1650db451aed5bc682dafcc8981377ec 
Number of updated asset objects reloaded before import = 0
Number of asset objects unloaded after import = 1
========================================================================
Received Import Request.
  Time of request: 2026-10-08T05:19:36.304426Z
  Time since last request: 0.00048575 seconds.
  importAddress: GUID: 4669ab4deb34a8c49970e9155c01e684 - Path: Packages/com.meta.xr.sdk.core/Editor/Utils/PlayCompanion/Manager.cs - Importer: ScriptedImporter/UnityEditor.QuickSearchModule:UnityEditor.Search:ASIAI0B
Importing 'GUID: 4669ab4deb34a8c49970e9155c01e684 - Path: Packages/com.meta.xr.sdk.core/Editor/Utils/PlayCompanion/Manager.cs - Importer: ScriptedImporter/UnityEditor.QuickSearchModule:UnityEditor.Search:ASIAI0B' with importer (ScriptedImporter : UnityEditor.QuickSearchModule:UnityEditor.Search:ASIAI0B)
Imported 'GUID: 4669ab4deb34a8c49970e9155c01e684' -> (Import Result ID: '46eb77649c582a10977a11f3ef06428b') in 0.001 seconds [static and dynamic dependencies]. Details - ImportResultOutputID=e5e9c5a9ded953c2a9e5f984c4dd87dc DependenciesID=526f3332716b17b772315532cfc9e6fa StaticDependenciesID=b9ddf0284ad161c3bc00de17e869b662 
Number of updated asset objects reloaded before import = 0
Number of asset objects unloaded after import = 0
========================================================================
Received Import Request.
  Time of request: 2026-10-08T05:19:36.31809Z
  Time since last request: 0.000471834 seconds.
  importAddress: GUID: 3e6790ce53ffd7946a10d8ec0edb2a53 - Path: Packages/com.meta.xr.sdk.core/Editor/MetaXRSimulator/PackageManagerUtils.cs - Importer: ScriptedImporter/UnityEditor.QuickSearchModule:UnityEditor.Search:ASIAI0B
Importing 'GUID: 3e6790ce53ffd7946a10d8ec0edb2a53 - Path: Packages/com.meta.xr.sdk.core/Editor/MetaXRSimulator/PackageManagerUtils.cs - Importer: ScriptedImporter/UnityEditor.QuickSearchModule:UnityEditor.Search:ASIAI0B' with importer (ScriptedImporter : UnityEditor.QuickSearchModule:UnityEditor.Search:ASIAI0B)
Imported 'GUID: 3e6790ce53ffd7946a10d8ec0edb2a53' -> (Import Result ID: '52646067d9219f793726e77ffeb1019e') in 0.001 seconds [static and dynamic dependencies]. Details - ImportResultOutputID=6be3e20d91a5d6a7c266a9a608795fb1 DependenciesID=faf545e26625814b99387ce4184ece2e StaticDependenciesID=5aabbb7fd9499ee60f96c6d16b19f634 
Number of updated asset objects reloaded before import = 0
Number of asset objects unloaded after import = 0
========================================================================
Received Import Request.
  Time of request: 2026-10-08T05:19:36.331627Z
  Time since last request: 0.000650875 seconds.
  importAddress: GUID: f2e8677bac33bbf4eb43f0f1289803a7 - Path: Packages/com.meta.xr.sdk.core/Shaders/MetaLit.shader - Importer: ScriptedImporter/UnityEditor.QuickSearchModule:UnityEditor.Search:ASIAI0B
Importing 'GUID: f2e8677bac33bbf4eb43f0f1289803a7 - Path: Packages/com.meta.xr.sdk.core/Shaders/MetaLit.shader - Importer: ScriptedImporter/UnityEditor.QuickSearchModule:UnityEditor.Search:ASIAI0B' with importer (ScriptedImporter : UnityEditor.QuickSearchModule:UnityEditor.Search:ASIAI0B)
Imported 'GUID: f2e8677bac33bbf4eb43f0f1289803a7' -> (Import Result ID: 'e427e828b254f01364b2da89468a58c6') in 0.010 seconds [static and dynamic dependencies]. Details - ImportResultOutputID=d0a9012dd6b85bec82dbd38d45a1f315 DependenciesID=7c2fa734c4603192dfadb595635a5c8c StaticDependenciesID=4a7619dab07c17c4eeb4b0b8544bc555 
Number of updated asset objects reloaded before import = 0
Number of asset objects unloaded after import = 1
========================================================================
Received Import Request.
  Time of request: 2026-10-08T05:19:36.356756Z
  Time since last request: 0.000421 seconds.
  importAddress: GUID: d1818ad699c72684b939b7a5c00d9745 - Path: Packages/com.meta.xr.sdk.core/Scripts/ImmersiveDebugger/UserInterface/Resources/Styles/LayoutStyles/HierarchyDiv.asset - Importer: ScriptedImporter/UnityEditor.QuickSearchModule:UnityEditor.Search:ASIAI0B
Importing 'GUID: d1818ad699c72684b939b7a5c00d9745 - Path: Packages/com.meta.xr.sdk.core/Scripts/ImmersiveDebugger/UserInterface/Resources/Styles/LayoutStyles/HierarchyDiv.asset - Importer: ScriptedImporter/UnityEditor.QuickSearchModule:UnityEditor.Search:ASIAI0B' with importer (ScriptedImporter : UnityEditor.QuickSearchModule:UnityEditor.Search:ASIAI0B)
Imported 'GUID: d1818ad699c72684b939b7a5c00d9745' -> (Import Result ID: '93101cf7f348bd4507cb07d80f45d12e') in 0.004 seconds [static and dynamic dependencies]. Details - ImportResultOutputID=e5ce4f2980f0cdde32370fa2a1fa8cdf DependenciesID=28ddd726ad86a52277aa49f2c046f97c StaticDependenciesID=23d2ac45dfc4260480e62db4054ec677 
Number of updated asset objects reloaded before import = 0
Number of asset objects unloaded after import = 1
========================================================================
Received Import Request.
  Time of request: 2026-10-08T05:19:36.371934Z
  Time since last request: 0.000395334 seconds.
  importAddress: GUID: 72e8ee55eb418294e8da2a9adefb5da4 - Path: Packages/com.meta.xr.sdk.core/Editor/Icons/sdk_Icons/mono/ai_icon.png - Importer: ScriptedImporter/UnityEditor.QuickSearchModule:UnityEditor.Search:ASIAI0B
Importing 'GUID: 72e8ee55eb418294e8da2a9adefb5da4 - Path: Packages/com.meta.xr.sdk.core/Editor/Icons/sdk_Icons/mono/ai_icon.png - Importer: ScriptedImporter/UnityEditor.QuickSearchModule:UnityEditor.Search:ASIAI0B' with importer (ScriptedImporter : UnityEditor.QuickSearchModule:UnityEditor.Search:ASIAI0B)
Imported 'GUID: 72e8ee55eb418294e8da2a9adefb5da4' -> (Import Result ID: '17a32c1cf8df1f2dd7293d66851043b4') in 0.004 seconds [static and dynamic dependencies]. Details - ImportResultOutputID=fd5ee4922a575227eb02bdfa93610a40 DependenciesID=713e60021e483d189745dc0df6301322 StaticDependenciesID=b19860643f1b47d453df07afa8baad03 
Number of updated asset objects reloaded before import = 0
Number of asset objects unloaded after import = 1
========================================================================
Received Import Request.
  Time of request: 2026-10-08T05:19:36.387624Z
  Time since last request: 0.000656375 seconds.
  importAddress: GUID: 14152006ced748da9108bb5d8df88405 - Path: Packages/com.meta.xr.sdk.core/Editor/Guide/Guides/Common/Common.cs - Importer: ScriptedImporter/UnityEditor.QuickSearchModule:UnityEditor.Search:ASIAI0B
Importing 'GUID: 14152006ced748da9108bb5d8df88405 - Path: Packages/com.meta.xr.sdk.core/Editor/Guide/Guides/Common/Common.cs - Importer: ScriptedImporter/UnityEditor.QuickSearchModule:UnityEditor.Search:ASIAI0B' with importer (ScriptedImporter : UnityEditor.QuickSearchModule:UnityEditor.Search:ASIAI0B)
Imported 'GUID: 14152006ced748da9108bb5d8df88405' -> (Import Result ID: 'f212777609d5df3a06283972b132d3c9') in 0.001 seconds [static and dynamic dependencies]. Details - ImportResultOutputID=7564c303abbeb072840b1e3ac83e41df DependenciesID=d83dff247c277bcd9312f7c9f12da0b7 StaticDependenciesID=88ea7198a1a26bc3bf42778e5a12a5da 
Number of updated asset objects reloaded before import = 0
Number of asset objects unloaded after import = 0
========================================================================
Received Import Request.
  Time of request: 2026-10-08T05:19:36.403219Z
  Time since last request: 0.000589167 seconds.
  importAddress: GUID: ff800b29666cb50429da1dedf4fcc08a - Path: Packages/com.meta.xr.sdk.core/Editor/Icons/ovr_icon_meta_raw.png - Importer: ScriptedImporter/UnityEditor.QuickSearchModule:UnityEditor.Search:ASIAI0B
Importing 'GUID: ff800b29666cb50429da1dedf4fcc08a - Path: Packages/com.meta.xr.sdk.core/Editor/Icons/ovr_icon_meta_raw.png - Importer: ScriptedImporter/UnityEditor.QuickSearchModule:UnityEditor.Search:ASIAI0B' with importer (ScriptedImporter : UnityEditor.QuickSearchModule:UnityEditor.Search:ASIAI0B)
Imported 'GUID: ff800b29666cb50429da1dedf4fcc08a' -> (Import Result ID: 'f0427423a31c6d2f305a4414663e2956') in 0.005 seconds [static and dynamic dependencies]. Details - ImportResultOutputID=6479c58a70abeaf80c569e0c0e70ea42 DependenciesID=9fb809e2241fff1aef54357c2717a9bf StaticDependenciesID=75764f52eeece47789732a9dc2e61544 
Number of updated asset objects reloaded before import = 0
Number of asset objects unloaded after import = 1
========================================================================
Received Import Request.
  Time of request: 2026-10-08T05:19:36.422488Z
  Time since last request: 0.000916958 seconds.
  importAddress: GUID: 2977fd6de579cd745be3c47a566b7255 - Path: Packages/com.meta.xr.sdk.core/Scripts/ImmersiveDebugger/UserInterface/Resources/Styles/LayoutStyles/MiniCounterValue.asset - Importer: ScriptedImporter/UnityEditor.QuickSearchModule:UnityEditor.Search:ASIAI0B
Importing 'GUID: 2977fd6de579cd745be3c47a566b7255 - Path: Packages/com.meta.xr.sdk.core/Scripts/ImmersiveDebugger/UserInterface/Resources/Styles/LayoutStyles/MiniCounterValue.asset - Importer: ScriptedImporter/UnityEditor.QuickSearchModule:UnityEditor.Search:ASIAI0B' with importer (ScriptedImporter : UnityEditor.QuickSearchModule:UnityEditor.Search:ASIAI0B)
Imported 'GUID: 2977fd6de579cd745be3c47a566b7255' -> (Import Result ID: 'e78ad2b47799e5752d29d55dcacb5302') in 0.003 seconds [static and dynamic dependencies]. Details - ImportResultOutputID=bf9972f921bebb921e382b1246edba86 DependenciesID=12d1cd13c7e049ab05975c43f28fea1f StaticDependenciesID=be4f9eb24c1e7af84f59acec579addcc 
Number of updated asset objects reloaded before import = 0
Number of asset objects unloaded after import = 1
========================================================================
Received Import Request.
  Time of request: 2026-10-08T05:19:36.439268Z
  Time since last request: 0.000949583 seconds.
  importAddress: GUID: be1340ae6593bfa46888d2c5b6179e2c - Path: Packages/com.meta.xr.sdk.core/Editor/BuildingBlocks/BlockData/RoomMesh/Materials/RoomMeshMat.mat - Importer: ScriptedImporter/UnityEditor.QuickSearchModule:UnityEditor.Search:ASIAI0B
Importing 'GUID: be1340ae6593bfa46888d2c5b6179e2c - Path: Packages/com.meta.xr.sdk.core/Editor/BuildingBlocks/BlockData/RoomMesh/Materials/RoomMeshMat.mat - Importer: ScriptedImporter/UnityEditor.QuickSearchModule:UnityEditor.Search:ASIAI0B' with importer (ScriptedImporter : UnityEditor.QuickSearchModule:UnityEditor.Search:ASIAI0B)
Imported 'GUID: be1340ae6593bfa46888d2c5b6179e2c' -> (Import Result ID: 'e4cf169c3a060bb7939373f4dc151a73') in 0.002 seconds [static and dynamic dependencies]. Details - ImportResultOutputID=2d4d2c967b5357fc94a113dbc3142a59 DependenciesID=2fe4084d9c97819aa57f4e6f5a7ffb91 StaticDependenciesID=76546aec5c0ae08c94c0c2c8bdb62a29 
Number of updated asset objects reloaded before import = 0
Number of asset objects unloaded after import = 2
========================================================================
Received Import Request.
  Time of request: 2026-10-08T05:19:36.453348Z
  Time since last request: 0.000369459 seconds.
  importAddress: GUID: d8c9cf42992bd9243b91495e0bee3883 - Path: Packages/com.meta.xr.sdk.core/Editor/OVRProjectSetup/OVRProjectSetupUtils.cs - Importer: ScriptedImporter/UnityEditor.QuickSearchModule:UnityEditor.Search:ASIAI0B
Importing 'GUID: d8c9cf42992bd9243b91495e0bee3883 - Path: Packages/com.meta.xr.sdk.core/Editor/OVRProjectSetup/OVRProjectSetupUtils.cs - Importer: ScriptedImporter/UnityEditor.QuickSearchModule:UnityEditor.Search:ASIAI0B' with importer (ScriptedImporter : UnityEditor.QuickSearchModule:UnityEditor.Search:ASIAI0B)
Imported 'GUID: d8c9cf42992bd9243b91495e0bee3883' -> (Import Result ID: '077141d517a3534873387368901b3500') in 0.001 seconds [static and dynamic dependencies]. Details - ImportResultOutputID=6f6bba77e3281e02db040c420d13071e DependenciesID=beef3b2a2335e13e272bd3074aa053fa StaticDependenciesID=cf72523645fb1472328219803fb6025c 
Number of updated asset objects reloaded before import = 0
Number of asset objects unloaded after import = 0
========================================================================
Received Import Request.
  Time of request: 2026-10-08T05:19:36.467376Z
  Time since last request: 0.000308167 seconds.
  importAddress: GUID: 6ae4e8d54353497eb08c8fa681ac7739 - Path: Packages/com.meta.xr.sdk.core/Scripts/ImmersiveDebugger/Utils/ConsoleLogsCache.cs - Importer: ScriptedImporter/UnityEditor.QuickSearchModule:UnityEditor.Search:ASIAI0B
Importing 'GUID: 6ae4e8d54353497eb08c8fa681ac7739 - Path: Packages/com.meta.xr.sdk.core/Scripts/ImmersiveDebugger/Utils/ConsoleLogsCache.cs - Importer: ScriptedImporter/UnityEditor.QuickSearchModule:UnityEditor.Search:ASIAI0B' with importer (ScriptedImporter : UnityEditor.QuickSearchModule:UnityEditor.Search:ASIAI0B)
Imported 'GUID: 6ae4e8d54353497eb08c8fa681ac7739' -> (Import Result ID: 'd8ac28ceb825458a0045832b383a7296') in 0.001 seconds [static and dynamic dependencies]. Details - ImportResultOutputID=850bf32d8c520b527a10f081d0f1e923 DependenciesID=8c8c451075e99c784f408b4d3a2dbd59 StaticDependenciesID=249634c38edbe440df5489f6064df4fb 
Number of updated asset objects reloaded before import = 0
Number of asset objects unloaded after import = 0
========================================================================
Received Import Request.
  Time of request: 2026-10-08T05:19:36.480173Z
  Time since last request: 0.000486333 seconds.
  importAddress: GUID: aeda79f94420426fbb2fa85352d76776 - Path: Packages/com.meta.xr.sdk.core/Editor/BuildingBlocks/BlocksWindowDetailsExtension.cs - Importer: ScriptedImporter/UnityEditor.QuickSearchModule:UnityEditor.Search:ASIAI0B
Importing 'GUID: aeda79f94420426fbb2fa85352d76776 - Path: Packages/com.meta.xr.sdk.core/Editor/BuildingBlocks/BlocksWindowDetailsExtension.cs - Importer: ScriptedImporter/UnityEditor.QuickSearchModule:UnityEditor.Search:ASIAI0B' with importer (ScriptedImporter : UnityEditor.QuickSearchModule:UnityEditor.Search:ASIAI0B)
Imported 'GUID: aeda79f94420426fbb2fa85352d76776' -> (Import Result ID: '99cce803118ed4f34822c191dc76254a') in 0.001 seconds [static and dynamic dependencies]. Details - ImportResultOutputID=25b1dc9060194171aa5e138744c04732 DependenciesID=6fa7abf3c970f67947ffcb0d0f97483d StaticDependenciesID=e12faed5b1b9fe853c827cdae2c51afe 
Number of updated asset objects reloaded before import = 0
Number of asset objects unloaded after import = 0
========================================================================
Received Import Request.
  Time of request: 2026-10-08T05:19:36.492854Z
  Time since last request: 0.000531583 seconds.
  importAddress: GUID: 049a8f41098974617a1d5a6ea68a88b8 - Path: Packages/com.unity.xr.hands/Editor/OpenXR/HandTrackingDataSourceFeatureDrawer.cs - Importer: ScriptedImporter/UnityEditor.QuickSearchModule:UnityEditor.Search:ASIAI0B
Importing 'GUID: 049a8f41098974617a1d5a6ea68a88b8 - Path: Packages/com.unity.xr.hands/Editor/OpenXR/HandTrackingDataSourceFeatureDrawer.cs - Importer: ScriptedImporter/UnityEditor.QuickSearchModule:UnityEditor.Search:ASIAI0B' with importer (ScriptedImporter : UnityEditor.QuickSearchModule:UnityEditor.Search:ASIAI0B)
Imported 'GUID: 049a8f41098974617a1d5a6ea68a88b8' -> (Import Result ID: '7a318d8b5213a8143c297e87d23a4546') in 0.001 seconds [static and dynamic dependencies]. Details - ImportResultOutputID=4a9a4655a08a8fdd1c6f2e1896052a60 DependenciesID=d1076342b7fe4124e24df94c7b817f30 StaticDependenciesID=7a91034016e0d842e9568140b8212b68 
Number of updated asset objects reloaded before import = 0
Number of asset objects unloaded after import = 0
========================================================================
Received Import Request.
  Time of request: 2026-10-08T05:19:36.505967Z
  Time since last request: 0.000563209 seconds.
  importAddress: GUID: 7654758adb9ad47a7a9ff50afb89ccc8 - Path: Packages/com.unity.xr.hands/Runtime/Capture/Playback/TimeControl/FrameBasedTimeController.cs - Importer: ScriptedImporter/UnityEditor.QuickSearchModule:UnityEditor.Search:ASIAI0B
Importing 'GUID: 7654758adb9ad47a7a9ff50afb89ccc8 - Path: Packages/com.unity.xr.hands/Runtime/Capture/Playback/TimeControl/FrameBasedTimeController.cs - Importer: ScriptedImporter/UnityEditor.QuickSearchModule:UnityEditor.Search:ASIAI0B' with importer (ScriptedImporter : UnityEditor.QuickSearchModule:UnityEditor.Search:ASIAI0B)
Imported 'GUID: 7654758adb9ad47a7a9ff50afb89ccc8' -> (Import Result ID: 'c56c781e07a8d907d1b561aa17045b87') in 0.002 seconds [static and dynamic dependencies]. Details - ImportResultOutputID=d7db8c151b6fa077def8905ed4f8820b DependenciesID=345b66e9599b0f63d22abdb9418d491a StaticDependenciesID=79434e64e7017effd6dd24194cc45c85 
Number of updated asset objects reloaded before import = 0
Number of asset objects unloaded after import = 0
========================================================================
Received Import Request.
  Time of request: 2026-10-08T05:19:36.520863Z
  Time since last request: 0.000807583 seconds.
  importAddress: GUID: 418e9c7b95117614e9febbbcf0798917 - Path: Packages/com.meta.xr.sdk.core/Scripts/ImmersiveDebugger/UserInterface/Generic/MonoBehaviours - Importer: ScriptedImporter/UnityEditor.QuickSearchModule:UnityEditor.Search:ASIAI0B
Importing 'GUID: 418e9c7b95117614e9febbbcf0798917 - Path: Packages/com.meta.xr.sdk.core/Scripts/ImmersiveDebugger/UserInterface/Generic/MonoBehaviours - Importer: ScriptedImporter/UnityEditor.QuickSearchModule:UnityEditor.Search:ASIAI0B' with importer (ScriptedImporter : UnityEditor.QuickSearchModule:UnityEditor.Search:ASIAI0B)
Imported 'GUID: 418e9c7b95117614e9febbbcf0798917' -> (Import Result ID: '0614b412d801d0645bbae50bc186dd34') in 0.002 seconds [static and dynamic dependencies]. Details - ImportResultOutputID=1150a81557bc38c7f84f031ae7cf9afb DependenciesID=73fc582d085701650156b84928596bd8 StaticDependenciesID=e2eca5ccb35a03fd06ac76873a888174 
Number of updated asset objects reloaded before import = 0
Number of asset objects unloaded after import = 1
========================================================================
Received Import Request.
  Time of request: 2026-10-08T05:19:36.535177Z
  Time since last request: 0.000462917 seconds.
  importAddress: GUID: 5db19fc4d2482e044834af189cb59a31 - Path: Packages/com.meta.xr.sdk.core/Editor/Utils/Tag/Tag.cs - Importer: ScriptedImporter/UnityEditor.QuickSearchModule:UnityEditor.Search:ASIAI0B
Importing 'GUID: 5db19fc4d2482e044834af189cb59a31 - Path: Packages/com.meta.xr.sdk.core/Editor/Utils/Tag/Tag.cs - Importer: ScriptedImporter/UnityEditor.QuickSearchModule:UnityEditor.Search:ASIAI0B' with importer (ScriptedImporter : UnityEditor.QuickSearchModule:UnityEditor.Search:ASIAI0B)
Imported 'GUID: 5db19fc4d2482e044834af189cb59a31' -> (Import Result ID: '2691b3acb45907b3dbc0b2af1dcd1e5f') in 0.002 seconds [static and dynamic dependencies]. Details - ImportResultOutputID=11d45d85b4acb9238b457780af13a4ec DependenciesID=01a0cc24eaad75b1770173310760231a StaticDependenciesID=41e1456ea8e8cf0be64f284f2b01fe0e 
Number of updated asset objects reloaded before import = 0
Number of asset objects unloaded after import = 0
========================================================================
Received Import Request.
  Time of request: 2026-10-08T05:19:36.550946Z
  Time since last request: 0.001478542 seconds.
  importAddress: GUID: 03ca89aecc4d94a619b6d249f917ca59 - Path: Packages/com.unity.xr.hands/Runtime/Capture/Playback/TimeControl/IPlaybackTimeController.cs - Importer: ScriptedImporter/UnityEditor.QuickSearchModule:UnityEditor.Search:ASIAI0B
Importing 'GUID: 03ca89aecc4d94a619b6d249f917ca59 - Path: Packages/com.unity.xr.hands/Runtime/Capture/Playback/TimeControl/IPlaybackTimeController.cs - Importer: ScriptedImporter/UnityEditor.QuickSearchModule:UnityEditor.Search:ASIAI0B' with importer (ScriptedImporter : UnityEditor.QuickSearchModule:UnityEditor.Search:ASIAI0B)
Imported 'GUID: 03ca89aecc4d94a619b6d249f917ca59' -> (Import Result ID: '9610ecf1b0e6b09ed0b1fa4e51773468') in 0.001 seconds [static and dynamic dependencies]. Details - ImportResultOutputID=36b96a603ca140138d11909822d7359c DependenciesID=520ab7dad96e3525184de5041d69ceca StaticDependenciesID=0ae89212340d414ee706edcefe6d70b1 
Number of updated asset objects reloaded before import = 0
Number of asset objects unloaded after import = 0
========================================================================
Received Import Request.
  Time of request: 2026-10-08T05:19:36.565872Z
  Time since last request: 0.000409584 seconds.
  importAddress: GUID: 9265d8a0ea9759f47b892907047f6a7e - Path: Packages/com.meta.xr.sdk.core/Scripts/ImmersiveDebugger/DevAgent/AgentBridgeIntegration.cs - Importer: ScriptedImporter/UnityEditor.QuickSearchModule:UnityEditor.Search:ASIAI0B
Importing 'GUID: 9265d8a0ea9759f47b892907047f6a7e - Path: Packages/com.meta.xr.sdk.core/Scripts/ImmersiveDebugger/DevAgent/AgentBridgeIntegration.cs - Importer: ScriptedImporter/UnityEditor.QuickSearchModule:UnityEditor.Search:ASIAI0B' with importer (ScriptedImporter : UnityEditor.QuickSearchModule:UnityEditor.Search:ASIAI0B)
Imported 'GUID: 9265d8a0ea9759f47b892907047f6a7e' -> (Import Result ID: '0ad7caa4a900f49812bd46ec555de9c3') in 0.003 seconds [static and dynamic dependencies]. Details - ImportResultOutputID=0d0910db1dbdff0799f65812207020d7 DependenciesID=07667c4434e3bb95651e561121db3c22 StaticDependenciesID=ef0422a2d57b0718eba7f982ddfb9e59 
Number of updated asset objects reloaded before import = 0
Number of asset objects unloaded after import = 0
========================================================================
Received Import Request.
  Time of request: 2026-10-08T05:19:36.582159Z
  Time since last request: 0.000968875 seconds.
  importAddress: GUID: 1f613d70c9a0c4164af31589cd487d66 - Path: Packages/com.meta.xr.sdk.core/Scripts/ImmersiveDebugger/Gizmos/DebugGizmos - Importer: ScriptedImporter/UnityEditor.QuickSearchModule:UnityEditor.Search:ASIAI0B
Importing 'GUID: 1f613d70c9a0c4164af31589cd487d66 - Path: Packages/com.meta.xr.sdk.core/Scripts/ImmersiveDebugger/Gizmos/DebugGizmos - Importer: ScriptedImporter/UnityEditor.QuickSearchModule:UnityEditor.Search:ASIAI0B' with importer (ScriptedImporter : UnityEditor.QuickSearchModule:UnityEditor.Search:ASIAI0B)
Imported 'GUID: 1f613d70c9a0c4164af31589cd487d66' -> (Import Result ID: '0e9812e669bbb20e3c9979b26b099998') in 0.005 seconds [static and dynamic dependencies]. Details - ImportResultOutputID=b214dddf5e3ccfd9f5e405c062aedfc5 DependenciesID=5d2fe13f661bdf5a233fa4f76ff2f712 StaticDependenciesID=c730fa5026d99c21976a7d144f64646d 
Number of updated asset objects reloaded before import = 0
Number of asset objects unloaded after import = 1
========================================================================
Received Import Request.
  Time of request: 2026-10-08T05:19:36.604618Z
  Time since last request: 0.000789542 seconds.
  importAddress: GUID: 02f4d91e963f1e74d8bee0002c24efe7 - Path: Packages/com.meta.xr.sdk.core/Materials/SelectionRay.mat - Importer: ScriptedImporter/UnityEditor.QuickSearchModule:UnityEditor.Search:ASIAI0B
Importing 'GUID: 02f4d91e963f1e74d8bee0002c24efe7 - Path: Packages/com.meta.xr.sdk.core/Materials/SelectionRay.mat - Importer: ScriptedImporter/UnityEditor.QuickSearchModule:UnityEditor.Search:ASIAI0B' with importer (ScriptedImporter : UnityEditor.QuickSearchModule:UnityEditor.Search:ASIAI0B)
Imported 'GUID: 02f4d91e963f1e74d8bee0002c24efe7' -> (Import Result ID: '01e1795cce4906743586f1ac5d60ea44') in 0.004 seconds [static and dynamic dependencies]. Details - ImportResultOutputID=158c8c51e8aa475b9d19f08d2a24cd6a DependenciesID=6c139db5e90d9e8a59be4a6e10cae70e StaticDependenciesID=f1dcfb98da2d4111ce339d35bd166459 
Number of updated asset objects reloaded before import = 0
Number of asset objects unloaded after import = 1
========================================================================
Received Import Request.
  Time of request: 2026-10-08T05:19:36.625233Z
  Time since last request: 0.000581333 seconds.
  importAddress: GUID: 5aa1c3c21a854a7692cf2cd12c5fdf15 - Path: Packages/com.meta.xr.sdk.core/Editor/MetaWand/Scripts/Data/SessionData.cs - Importer: ScriptedImporter/UnityEditor.QuickSearchModule:UnityEditor.Search:ASIAI0B
Importing 'GUID: 5aa1c3c21a854a7692cf2cd12c5fdf15 - Path: Packages/com.meta.xr.sdk.core/Editor/MetaWand/Scripts/Data/SessionData.cs - Importer: ScriptedImporter/UnityEditor.QuickSearchModule:UnityEditor.Search:ASIAI0B' with importer (ScriptedImporter : UnityEditor.QuickSearchModule:UnityEditor.Search:ASIAI0B)
Imported 'GUID: 5aa1c3c21a854a7692cf2cd12c5fdf15' -> (Import Result ID: 'ee647646c9c8863fcc51cd87d16f0d2b') in 0.002 seconds [static and dynamic dependencies]. Details - ImportResultOutputID=f5a25ada6f68ac1df4ae4a48275d2f91 DependenciesID=0f0bfc00d169035bfac8d107e00b31d6 StaticDependenciesID=9677558271f3dfdb2c2054a398d8cb39 
Number of updated asset objects reloaded before import = 0
Number of asset objects unloaded after import = 0
========================================================================
Received Import Request.
  Time of request: 2026-10-08T05:19:36.642441Z
  Time since last request: 0.000379792 seconds.
  importAddress: GUID: 2b4a27961b3fbe845957c5a74c27751f - Path: Packages/com.meta.xr.sdk.core/Scripts/ImmersiveDebugger/UserInterface/Value.cs - Importer: ScriptedImporter/UnityEditor.QuickSearchModule:UnityEditor.Search:ASIAI0B
Importing 'GUID: 2b4a27961b3fbe845957c5a74c27751f - Path: Packages/com.meta.xr.sdk.core/Scripts/ImmersiveDebugger/UserInterface/Value.cs - Importer: ScriptedImporter/UnityEditor.QuickSearchModule:UnityEditor.Search:ASIAI0B' with importer (ScriptedImporter : UnityEditor.QuickSearchModule:UnityEditor.Search:ASIAI0B)
Imported 'GUID: 2b4a27961b3fbe845957c5a74c27751f' -> (Import Result ID: '54d0ad64fec4b3f058cfb3709c15a478') in 0.001 seconds [static and dynamic dependencies]. Details - ImportResultOutputID=382f15c97bdccddfe30ace3b57703921 DependenciesID=d860fab60b27ed0b02da94f4ee8c35dd StaticDependenciesID=76b7637b2ae7dad9098ef39517787300 
Number of updated asset objects reloaded before import = 0
Number of asset objects unloaded after import = 0
========================================================================
Received Import Request.
  Time of request: 2026-10-08T05:19:36.658375Z
  Time since last request: 0.000375042 seconds.
  importAddress: GUID: 5c060149b1ceb2c40a22a10ede3b2d8d - Path: Packages/com.meta.xr.sdk.core/Editor/Utils/UserInterface/TextureContent.cs - Importer: ScriptedImporter/UnityEditor.QuickSearchModule:UnityEditor.Search:ASIAI0B
Importing 'GUID: 5c060149b1ceb2c40a22a10ede3b2d8d - Path: Packages/com.meta.xr.sdk.core/Editor/Utils/UserInterface/TextureContent.cs - Importer: ScriptedImporter/UnityEditor.QuickSearchModule:UnityEditor.Search:ASIAI0B' with importer (ScriptedImporter : UnityEditor.QuickSearchModule:UnityEditor.Search:ASIAI0B)
Imported 'GUID: 5c060149b1ceb2c40a22a10ede3b2d8d' -> (Import Result ID: '725f40c4a96c9824a23b74dd640419ac') in 0.001 seconds [static and dynamic dependencies]. Details - ImportResultOutputID=3fdf8e33701a97977e21d61b57bb306a DependenciesID=44ccc9ff861ff1b0414e612241c54db1 StaticDependenciesID=fc39e0c810f66c46b90aedf0859e1fb1 
Number of updated asset objects reloaded before import = 0
Number of asset objects unloaded after import = 0
========================================================================
Received Import Request.
  Time of request: 2026-10-08T05:19:36.673592Z
  Time since last request: 0.000426625 seconds.
  importAddress: GUID: 00c568f16a61407fa12c2e7e67a29f67 - Path: Packages/com.meta.xr.sdk.core/Editor/OVRProjectSetup/Utils - Importer: ScriptedImporter/UnityEditor.QuickSearchModule:UnityEditor.Search:ASIAI0B
Importing 'GUID: 00c568f16a61407fa12c2e7e67a29f67 - Path: Packages/com.meta.xr.sdk.core/Editor/OVRProjectSetup/Utils - Importer: ScriptedImporter/UnityEditor.QuickSearchModule:UnityEditor.Search:ASIAI0B' with importer (ScriptedImporter : UnityEditor.QuickSearchModule:UnityEditor.Search:ASIAI0B)
Imported 'GUID: 00c568f16a61407fa12c2e7e67a29f67' -> (Import Result ID: '48bb58b39b4fb4ab6df50ee0d6841123') in 0.002 seconds [static and dynamic dependencies]. Details - ImportResultOutputID=cb85d23ef8ef6988dc417bdb427a7f8f DependenciesID=7cfe81703f1af937b6e1299feb2772c5 StaticDependenciesID=abcfac4b0614d988cf91fd9dcf5079a9 
Number of updated asset objects reloaded before import = 0
Number of asset objects unloaded after import = 1
========================================================================
Received Import Request.
  Time of request: 2026-10-08T05:19:36.690242Z
  Time since last request: 0.000418958 seconds.
  importAddress: GUID: 0483f4afb4e7b7b409284d25434f6eac - Path: Packages/com.unity.xr.hands/Runtime/Capture/XRHandCaptureSnapshot.cs - Importer: ScriptedImporter/UnityEditor.QuickSearchModule:UnityEditor.Search:ASIAI0B
Importing 'GUID: 0483f4afb4e7b7b409284d25434f6eac - Path: Packages/com.unity.xr.hands/Runtime/Capture/XRHandCaptureSnapshot.cs - Importer: ScriptedImporter/UnityEditor.QuickSearchModule:UnityEditor.Search:ASIAI0B' with importer (ScriptedImporter : UnityEditor.QuickSearchModule:UnityEditor.Search:ASIAI0B)
Imported 'GUID: 0483f4afb4e7b7b409284d25434f6eac' -> (Import Result ID: 'a244e548d9d069e1d80a95d1681f6215') in 0.002 seconds [static and dynamic dependencies]. Details - ImportResultOutputID=62f57bb83df2a6241994fb18770ee007 DependenciesID=d460dc948f851c47606904b14f893923 StaticDependenciesID=3203c97787bd34228677f018ee3ee9dd 
Number of updated asset objects reloaded before import = 0
Number of asset objects unloaded after import = 0
========================================================================
Received Import Request.
  Time of request: 2026-10-08T05:19:36.706609Z
  Time since last request: 0.000566 seconds.
  importAddress: GUID: 2379e3d0074c7e94cb4942a9d21146f3 - Path: Packages/com.unity.xr.hands/Runtime/Capture/Playback/Impl/PlaybackProvider.cs - Importer: ScriptedImporter/UnityEditor.QuickSearchModule:UnityEditor.Search:ASIAI0B
Importing 'GUID: 2379e3d0074c7e94cb4942a9d21146f3 - Path: Packages/com.unity.xr.hands/Runtime/Capture/Playback/Impl/PlaybackProvider.cs - Importer: ScriptedImporter/UnityEditor.QuickSearchModule:UnityEditor.Search:ASIAI0B' with importer (ScriptedImporter : UnityEditor.QuickSearchModule:UnityEditor.Search:ASIAI0B)
Imported 'GUID: 2379e3d0074c7e94cb4942a9d21146f3' -> (Import Result ID: '25518348b00b83807063b5ca09e33447') in 0.001 seconds [static and dynamic dependencies]. Details - ImportResultOutputID=0f13b21b34ec54d7e7cdab7cd272ad86 DependenciesID=241ce5bdb1f3d1396a715fa1f181f740 StaticDependenciesID=6bfbf0492cf09919780cefe384a6379c 
Number of updated asset objects reloaded before import = 0
Number of asset objects unloaded after import = 0
========================================================================
Received Import Request.
  Time of request: 2026-10-08T05:19:36.720921Z
  Time since last request: 0.000283 seconds.
  importAddress: GUID: 53f8e735b36e41489d8fd2e9dca4a29d - Path: Packages/com.unity.xr.hands/Runtime/android/x64 - Importer: ScriptedImporter/UnityEditor.QuickSearchModule:UnityEditor.Search:ASIAI0B
Importing 'GUID: 53f8e735b36e41489d8fd2e9dca4a29d - Path: Packages/com.unity.xr.hands/Runtime/android/x64 - Importer: ScriptedImporter/UnityEditor.QuickSearchModule:UnityEditor.Search:ASIAI0B' with importer (ScriptedImporter : UnityEditor.QuickSearchModule:UnityEditor.Search:ASIAI0B)
Imported 'GUID: 53f8e735b36e41489d8fd2e9dca4a29d' -> (Import Result ID: 'b7eb13af59ec1bb7bb364c56c57a3579') in 0.001 seconds [static and dynamic dependencies]. Details - ImportResultOutputID=4543303afa41a98bffe9e1717d1b862d DependenciesID=2d45a369bf1ec7cd6f87f2d38bca5262 StaticDependenciesID=deeaeecade30c92fa3f177f3b8c3c233 
Number of updated asset objects reloaded before import = 0
Number of asset objects unloaded after import = 1
========================================================================
Received Import Request.
  Time of request: 2026-10-08T05:19:36.735005Z
  Time since last request: 0.000517666 seconds.
  importAddress: GUID: 1f40edf546baefa4eb88a7a4982560b0 - Path: Packages/com.meta.xr.sdk.core/Editor/MetaXROperator/MetaVrCliXrOperator.cs - Importer: ScriptedImporter/UnityEditor.QuickSearchModule:UnityEditor.Search:ASIAI0B
Importing 'GUID: 1f40edf546baefa4eb88a7a4982560b0 - Path: Packages/com.meta.xr.sdk.core/Editor/MetaXROperator/MetaVrCliXrOperator.cs - Importer: ScriptedImporter/UnityEditor.QuickSearchModule:UnityEditor.Search:ASIAI0B' with importer (ScriptedImporter : UnityEditor.QuickSearchModule:UnityEditor.Search:ASIAI0B)
Imported 'GUID: 1f40edf546baefa4eb88a7a4982560b0' -> (Import Result ID: '289a414dee71c5ebf41fc284c9aa9d48') in 0.002 seconds [static and dynamic dependencies]. Details - ImportResultOutputID=226a27901ea7122cfda1a5dbc705ec0c DependenciesID=2a65d6179d4a52a794a2e46f919e6e98 StaticDependenciesID=8e6dc39273d9153e58271f2edeab58db 
Number of updated asset objects reloaded before import = 0
Number of asset objects unloaded after import = 0
========================================================================
Received Import Request.
  Time of request: 2026-10-08T05:19:36.74986Z
  Time since last request: 0.000675333 seconds.
  importAddress: GUID: 5d90b106f1e1cf04b9e7c7ee3df2c6de - Path: Packages/com.meta.xr.sdk.core/Editor/BuildingBlocks/Icons/ovr_icon_confirm.png - Importer: ScriptedImporter/UnityEditor.QuickSearchModule:UnityEditor.Search:ASIAI0B
Importing 'GUID: 5d90b106f1e1cf04b9e7c7ee3df2c6de - Path: Packages/com.meta.xr.sdk.core/Editor/BuildingBlocks/Icons/ovr_icon_confirm.png - Importer: ScriptedImporter/UnityEditor.QuickSearchModule:UnityEditor.Search:ASIAI0B' with importer (ScriptedImporter : UnityEditor.QuickSearchModule:UnityEditor.Search:ASIAI0B)
Imported 'GUID: 5d90b106f1e1cf04b9e7c7ee3df2c6de' -> (Import Result ID: '3dcaafbffc1765a6365e9cd04a3aba8d') in 0.008 seconds [static and dynamic dependencies]. Details - ImportResultOutputID=2f063d380c136090b5571ef3ebfbe3f7 DependenciesID=94954ada572ee204b230ae47dc7b2d85 StaticDependenciesID=5e3a5a2a7ddbd6c65de2c2404b34eebe 
Number of updated asset objects reloaded before import = 0
Number of asset objects unloaded after import = 1
========================================================================
Received Import Request.
  Time of request: 2026-10-08T05:19:36.771048Z
  Time since last request: 0.000463834 seconds.
  importAddress: GUID: 96da0cd3d657b1348984ab291582cb0f - Path: Packages/com.meta.xr.sdk.core/Scripts/ImmersiveDebugger/Meta.XR.ImmersiveDebugger.asmdef - Importer: ScriptedImporter/UnityEditor.QuickSearchModule:UnityEditor.Search:ASIAI0B
Importing 'GUID: 96da0cd3d657b1348984ab291582cb0f - Path: Packages/com.meta.xr.sdk.core/Scripts/ImmersiveDebugger/Meta.XR.ImmersiveDebugger.asmdef - Importer: ScriptedImporter/UnityEditor.QuickSearchModule:UnityEditor.Search:ASIAI0B' with importer (ScriptedImporter : UnityEditor.QuickSearchModule:UnityEditor.Search:ASIAI0B)
Imported 'GUID: 96da0cd3d657b1348984ab291582cb0f' -> (Import Result ID: '4e044c46e71aeac190d5b51f1c4d68a3') in 0.002 seconds [static and dynamic dependencies]. Details - ImportResultOutputID=9b2aa48758bb22de9dc900ce63141fe7 DependenciesID=44ad3f454ffae84e56ed10c4d2e2af80 StaticDependenciesID=bdb2127f542689dfd7167c7ca1eddcfb 
Number of updated asset objects reloaded before import = 0
Number of asset objects unloaded after import = 1
========================================================================
Received Import Request.
  Time of request: 2026-10-08T05:19:36.786558Z
  Time since last request: 0.000407667 seconds.
  importAddress: GUID: d99f7dc83a9178248b5ddea6e012bbf8 - Path: Packages/com.meta.xr.sdk.core/Editor/Utils/ToolingSupport/AssemblyInfo.cs - Importer: ScriptedImporter/UnityEditor.QuickSearchModule:UnityEditor.Search:ASIAI0B
Importing 'GUID: d99f7dc83a9178248b5ddea6e012bbf8 - Path: Packages/com.meta.xr.sdk.core/Editor/Utils/ToolingSupport/AssemblyInfo.cs - Importer: ScriptedImporter/UnityEditor.QuickSearchModule:UnityEditor.Search:ASIAI0B' with importer (ScriptedImporter : UnityEditor.QuickSearchModule:UnityEditor.Search:ASIAI0B)
Imported 'GUID: d99f7dc83a9178248b5ddea6e012bbf8' -> (Import Result ID: '28bac4efc63906fbbc05dee06be854a1') in 0.001 seconds [static and dynamic dependencies]. Details - ImportResultOutputID=ac8485854f59edcda97b277de456ee1c DependenciesID=0efc49f996cb311dadac9b0a510dc6cc StaticDependenciesID=55c6445eb2366e0201ad94c520257c11 
Number of updated asset objects reloaded before import = 0
Number of asset objects unloaded after import = 0
========================================================================
Received Import Request.
  Time of request: 2026-10-08T05:19:36.800023Z
  Time since last request: 0.000287625 seconds.
  importAddress: GUID: 4b2f762440285224a8d0c8e3073a2fc9 - Path: Packages/com.meta.xr.sdk.core/Scripts/ImmersiveDebugger/DevAgent/Voice/PushToTalkController.cs - Importer: ScriptedImporter/UnityEditor.QuickSearchModule:UnityEditor.Search:ASIAI0B
Importing 'GUID: 4b2f762440285224a8d0c8e3073a2fc9 - Path: Packages/com.meta.xr.sdk.core/Scripts/ImmersiveDebugger/DevAgent/Voice/PushToTalkController.cs - Importer: ScriptedImporter/UnityEditor.QuickSearchModule:UnityEditor.Search:ASIAI0B' with importer (ScriptedImporter : UnityEditor.QuickSearchModule:UnityEditor.Search:ASIAI0B)
Imported 'GUID: 4b2f762440285224a8d0c8e3073a2fc9' -> (Import Result ID: 'd82b13f4ff5b7e7abe88a1db4f4baa71') in 0.002 seconds [static and dynamic dependencies]. Details - ImportResultOutputID=369f19768f54131087e81fc4b454865a DependenciesID=b18c4e454ebe60f5c73436f72fb7b5d2 StaticDependenciesID=c485270632c3b91a146bad325829168f 
Number of updated asset objects reloaded before import = 0
Number of asset objects unloaded after import = 0
========================================================================
Received Import Request.
  Time of request: 2026-10-08T05:19:36.814434Z
  Time since last request: 0.000510125 seconds.
  importAddress: GUID: a618a806b7ce07d41af801f8e14dfe53 - Path: Packages/com.meta.xr.sdk.core/Scripts/Util/AssemblyExtensions.cs - Importer: ScriptedImporter/UnityEditor.QuickSearchModule:UnityEditor.Search:ASIAI0B
Importing 'GUID: a618a806b7ce07d41af801f8e14dfe53 - Path: Packages/com.meta.xr.sdk.core/Scripts/Util/AssemblyExtensions.cs - Importer: ScriptedImporter/UnityEditor.QuickSearchModule:UnityEditor.Search:ASIAI0B' with importer (ScriptedImporter : UnityEditor.QuickSearchModule:UnityEditor.Search:ASIAI0B)
Imported 'GUID: a618a806b7ce07d41af801f8e14dfe53' -> (Import Result ID: 'd6fa525803ca0d2fece3cee98156cc6f') in 0.001 seconds [static and dynamic dependencies]. Details - ImportResultOutputID=eb02548961912cd89d27c564e920560c DependenciesID=637bbfec67fec6aeaf3143a92acb5442 StaticDependenciesID=d3d77e191f688d5d107fefc7895824a8 
Number of updated asset objects reloaded before import = 0
Number of asset objects unloaded after import = 0
========================================================================
Received Import Request.
  Time of request: 2026-10-08T05:19:36.828875Z
  Time since last request: 0.000544625 seconds.
  importAddress: GUID: 484800a18d70d2d4386ee3f42ef24113 - Path: Packages/com.meta.xr.sdk.core/Editor/BuildingBlocks/BlockData/HandTracking/Scripts/HandTrackingBlockData.cs - Importer: ScriptedImporter/UnityEditor.QuickSearchModule:UnityEditor.Search:ASIAI0B
Importing 'GUID: 484800a18d70d2d4386ee3f42ef24113 - Path: Packages/com.meta.xr.sdk.core/Editor/BuildingBlocks/BlockData/HandTracking/Scripts/HandTrackingBlockData.cs - Importer: ScriptedImporter/UnityEditor.QuickSearchModule:UnityEditor.Search:ASIAI0B' with importer (ScriptedImporter : UnityEditor.QuickSearchModule:UnityEditor.Search:ASIAI0B)
Imported 'GUID: 484800a18d70d2d4386ee3f42ef24113' -> (Import Result ID: '9ea49d973834104785315216e7a6e7a6') in 0.001 seconds [static and dynamic dependencies]. Details - ImportResultOutputID=299a02432c4fc38ec3bc969a758fc0ff DependenciesID=f56543be300cc168064dd049aaa1816d StaticDependenciesID=d7d287958c387167f00971fb59000198 
Number of updated asset objects reloaded before import = 0
Number of asset objects unloaded after import = 0
========================================================================
Received Import Request.
  Time of request: 2026-10-08T05:19:36.843932Z
  Time since last request: 0.000358084 seconds.
  importAddress: GUID: 9531aa878fd5c4749b288b72024e8d2f - Path: Packages/com.meta.xr.sdk.core/Materials/cursor_timer_material.mat - Importer: ScriptedImporter/UnityEditor.QuickSearchModule:UnityEditor.Search:ASIAI0B
Importing 'GUID: 9531aa878fd5c4749b288b72024e8d2f - Path: Packages/com.meta.xr.sdk.core/Materials/cursor_timer_material.mat - Importer: ScriptedImporter/UnityEditor.QuickSearchModule:UnityEditor.Search:ASIAI0B' with importer (ScriptedImporter : UnityEditor.QuickSearchModule:UnityEditor.Search:ASIAI0B)
Imported 'GUID: 9531aa878fd5c4749b288b72024e8d2f' -> (Import Result ID: '553cf8b444868aec9411c860f2868b25') in 0.005 seconds [static and dynamic dependencies]. Details - ImportResultOutputID=5506ae58cd7e6b839cd29766cd8a80e5 DependenciesID=3c2244ed681326d840e8af09102f64eb StaticDependenciesID=53357aa83f87723546cc960dfd8332a3 
Number of updated asset objects reloaded before import = 0
Number of asset objects unloaded after import = 4
========================================================================
Received Import Request.
  Time of request: 2026-10-08T05:19:36.862146Z
  Time since last request: 0.000370417 seconds.
  importAddress: GUID: 004b7a12e1554ab385f024f3208d7432 - Path: Packages/com.unity.xr.hands/Runtime/Capture/Recording/XRHandRecordingFrameCapturedEventArgs.cs - Importer: ScriptedImporter/UnityEditor.QuickSearchModule:UnityEditor.Search:ASIAI0B
Importing 'GUID: 004b7a12e1554ab385f024f3208d7432 - Path: Packages/com.unity.xr.hands/Runtime/Capture/Recording/XRHandRecordingFrameCapturedEventArgs.cs - Importer: ScriptedImporter/UnityEditor.QuickSearchModule:UnityEditor.Search:ASIAI0B' with importer (ScriptedImporter : UnityEditor.QuickSearchModule:UnityEditor.Search:ASIAI0B)
Imported 'GUID: 004b7a12e1554ab385f024f3208d7432' -> (Import Result ID: '9687f04d3ace19847ff8574172bd337e') in 0.002 seconds [static and dynamic dependencies]. Details - ImportResultOutputID=f24b0097c6dfececf79bcf79333b3266 DependenciesID=a07bfd56e508a1f5758b1dc2a47a1344 StaticDependenciesID=5c8a34057e7188ea8ae50ab3f08dec8e 
Number of updated asset objects reloaded before import = 0
Number of asset objects unloaded after import = 0
========================================================================
Received Import Request.
  Time of request: 2026-10-08T05:19:36.87781Z
  Time since last request: 0.000619292 seconds.
  importAddress: GUID: 1ba3609953c347c8b2a8f7f655acc889 - Path: Packages/com.meta.xr.sdk.core/Scripts/ImmersiveDebugger/UserInterface/Generic/Controllers/Implementations/TextArea.cs - Importer: ScriptedImporter/UnityEditor.QuickSearchModule:UnityEditor.Search:ASIAI0B
Importing 'GUID: 1ba3609953c347c8b2a8f7f655acc889 - Path: Packages/com.meta.xr.sdk.core/Scripts/ImmersiveDebugger/UserInterface/Generic/Controllers/Implementations/TextArea.cs - Importer: ScriptedImporter/UnityEditor.QuickSearchModule:UnityEditor.Search:ASIAI0B' with importer (ScriptedImporter : UnityEditor.QuickSearchModule:UnityEditor.Search:ASIAI0B)
Imported 'GUID: 1ba3609953c347c8b2a8f7f655acc889' -> (Import Result ID: '104cbd338991d971bd88de75a65fc741') in 0.002 seconds [static and dynamic dependencies]. Details - ImportResultOutputID=716208d8a962a83393a45a18fdda9e21 DependenciesID=720ce964c11186110d949237db102087 StaticDependenciesID=99587a3386656b88f7af6a08a748b663 
Number of updated asset objects reloaded before import = 0
Number of asset objects unloaded after import = 0
========================================================================
Received Import Request.
  Time of request: 2026-10-08T05:19:36.894677Z
  Time since last request: 0.000995416 seconds.
  importAddress: GUID: d2f33a97e64d1d44180182c1cfb9d240 - Path: Packages/com.meta.xr.sdk.core/Editor/BuildingBlocks/BlockData/MultiplayerBlocks/Shared/CustomMatchmaking - Importer: ScriptedImporter/UnityEditor.QuickSearchModule:UnityEditor.Search:ASIAI0B
Importing 'GUID: d2f33a97e64d1d44180182c1cfb9d240 - Path: Packages/com.meta.xr.sdk.core/Editor/BuildingBlocks/BlockData/MultiplayerBlocks/Shared/CustomMatchmaking - Importer: ScriptedImporter/UnityEditor.QuickSearchModule:UnityEditor.Search:ASIAI0B' with importer (ScriptedImporter : UnityEditor.QuickSearchModule:UnityEditor.Search:ASIAI0B)
Imported 'GUID: d2f33a97e64d1d44180182c1cfb9d240' -> (Import Result ID: '85d43309421538377d4772ce7f28ca53') in 0.002 seconds [static and dynamic dependencies]. Details - ImportResultOutputID=63815bb1efb04bf97195121936f208b7 DependenciesID=88651dc53f306bf25b40e7b38cee1dee StaticDependenciesID=db7a9b5e9a6a08058e1fab9742b84d58 
Number of updated asset objects reloaded before import = 0
Number of asset objects unloaded after import = 1
========================================================================
Received Import Request.
  Time of request: 2026-10-08T05:19:36.914129Z
  Time since last request: 0.000949291 seconds.
  importAddress: GUID: 063f7a502a7e06e428090710e8286b2b - Path: Packages/com.meta.xr.sdk.core/Textures/OculusTouchForRift/touchController_albedo.png - Importer: ScriptedImporter/UnityEditor.QuickSearchModule:UnityEditor.Search:ASIAI0B
Importing 'GUID: 063f7a502a7e06e428090710e8286b2b - Path: Packages/com.meta.xr.sdk.core/Textures/OculusTouchForRift/touchController_albedo.png - Importer: ScriptedImporter/UnityEditor.QuickSearchModule:UnityEditor.Search:ASIAI0B' with importer (ScriptedImporter : UnityEditor.QuickSearchModule:UnityEditor.Search:ASIAI0B)
Imported 'GUID: 063f7a502a7e06e428090710e8286b2b' -> (Import Result ID: 'a9efef574af52d5e034d45f924fee4ff') in 0.011 seconds [static and dynamic dependencies]. Details - ImportResultOutputID=45b90839f6a8fbced4fd26763dbad647 DependenciesID=ce8241c4171a9828ac8a3b31845addb3 StaticDependenciesID=911a13a99ed0f895ea3e291f1860acc1 
Number of updated asset objects reloaded before import = 0
Number of asset objects unloaded after import = 1
========================================================================
Received Import Request.
  Time of request: 2026-10-08T05:19:36.944224Z
  Time since last request: 0.001022334 seconds.
  importAddress: GUID: a7eda5a725c07314f825ae65a97f41cc - Path: Packages/com.meta.xr.sdk.core/Scripts/ImmersiveDebugger/UserInterface/Resources/Styles/TextStyles/ConsoleLogCounter.asset - Importer: ScriptedImporter/UnityEditor.QuickSearchModule:UnityEditor.Search:ASIAI0B
Importing 'GUID: a7eda5a725c07314f825ae65a97f41cc - Path: Packages/com.meta.xr.sdk.core/Scripts/ImmersiveDebugger/UserInterface/Resources/Styles/TextStyles/ConsoleLogCounter.asset - Importer: ScriptedImporter/UnityEditor.QuickSearchModule:UnityEditor.Search:ASIAI0B' with importer (ScriptedImporter : UnityEditor.QuickSearchModule:UnityEditor.Search:ASIAI0B)
Imported 'GUID: a7eda5a725c07314f825ae65a97f41cc' -> (Import Result ID: '0f01b8b1977a78c60631b95a440310bc') in 0.006 seconds [static and dynamic dependencies]. Details - ImportResultOutputID=75915f83f4a0efbafeccfd805d62ee6f DependenciesID=8c130abbef0fa206dee083309d66579f StaticDependenciesID=14102e1e405fd183a8730e40fde97ac1 
Number of updated asset objects reloaded before import = 0
Number of asset objects unloaded after import = 3
========================================================================
Received Import Request.
  Time of request: 2026-10-08T05:19:36.968124Z
  Time since last request: 0.000407167 seconds.
  importAddress: GUID: a2233036480b4f14389e7264873dc8e7 - Path: Packages/com.meta.xr.sdk.core/Editor/BuildingBlocks/BlockData/AIBlocks/ObjectDetection/Prefabs - Importer: ScriptedImporter/UnityEditor.QuickSearchModule:UnityEditor.Search:ASIAI0B
Importing 'GUID: a2233036480b4f14389e7264873dc8e7 - Path: Packages/com.meta.xr.sdk.core/Editor/BuildingBlocks/BlockData/AIBlocks/ObjectDetection/Prefabs - Importer: ScriptedImporter/UnityEditor.QuickSearchModule:UnityEditor.Search:ASIAI0B' with importer (ScriptedImporter : UnityEditor.QuickSearchModule:UnityEditor.Search:ASIAI0B)
Imported 'GUID: a2233036480b4f14389e7264873dc8e7' -> (Import Result ID: '9d57786b8c1c757813e2a126696ab54f') in 0.002 seconds [static and dynamic dependencies]. Details - ImportResultOutputID=5d1bf665abb66627ca46776c4f968ce7 DependenciesID=1ef2b6b341d81cc94700023b48e0086e StaticDependenciesID=cd1e2b5c800e6df50aeb42c24fddfa4e 
Number of updated asset objects reloaded before import = 0
Number of asset objects unloaded after import = 1
========================================================================
Received Import Request.
  Time of request: 2026-10-08T05:19:36.986101Z
  Time since last request: 0.000370292 seconds.
  importAddress: GUID: d0574574baafe9d4aa78d8df4a5e3e5e - Path: Packages/com.meta.xr.sdk.core/Scripts/BuildingBlocks/Meta.XR.BuildingBlocks.asmdef - Importer: ScriptedImporter/UnityEditor.QuickSearchModule:UnityEditor.Search:ASIAI0B
Importing 'GUID: d0574574baafe9d4aa78d8df4a5e3e5e - Path: Packages/com.meta.xr.sdk.core/Scripts/BuildingBlocks/Meta.XR.BuildingBlocks.asmdef - Importer: ScriptedImporter/UnityEditor.QuickSearchModule:UnityEditor.Search:ASIAI0B' with importer (ScriptedImporter : UnityEditor.QuickSearchModule:UnityEditor.Search:ASIAI0B)
Imported 'GUID: d0574574baafe9d4aa78d8df4a5e3e5e' -> (Import Result ID: '27f36cdb68a771255f08918f4c07e190') in 0.002 seconds [static and dynamic dependencies]. Details - ImportResultOutputID=98c8cf8f49cadad4f018ccc0269f4177 DependenciesID=ef94e27bdc8314fbe542ad6b818e17a5 StaticDependenciesID=fd1fa1befd84065293c4d90accc63357 
Number of updated asset objects reloaded before import = 0
Number of asset objects unloaded after import = 1
========================================================================
Received Import Request.
  Time of request: 2026-10-08T05:19:37.007034Z
  Time since last request: 0.000457542 seconds.
  importAddress: GUID: 968ece22aecc0ab44800040e427e913b - Path: Packages/com.meta.xr.sdk.core/Scripts/BuildingBlocks/MultiplayerBlocks/NGO - Importer: ScriptedImporter/UnityEditor.QuickSearchModule:UnityEditor.Search:ASIAI0B
Importing 'GUID: 968ece22aecc0ab44800040e427e913b - Path: Packages/com.meta.xr.sdk.core/Scripts/BuildingBlocks/MultiplayerBlocks/NGO - Importer: ScriptedImporter/UnityEditor.QuickSearchModule:UnityEditor.Search:ASIAI0B' with importer (ScriptedImporter : UnityEditor.QuickSearchModule:UnityEditor.Search:ASIAI0B)
Imported 'GUID: 968ece22aecc0ab44800040e427e913b' -> (Import Result ID: '9272f68bfecc0376ed6e42d805fe9955') in 0.001 seconds [static and dynamic dependencies]. Details - ImportResultOutputID=207da885bfefdd421f1434536dbb2e43 DependenciesID=3a2d839820b2ab78fe85f7149e1ffe00 StaticDependenciesID=65ea8544fb9b46902dde280b3c969413 
Number of updated asset objects reloaded before import = 0
Number of asset objects unloaded after import = 1
========================================================================
Received Import Request.
  Time of request: 2026-10-08T05:19:37.024227Z
  Time since last request: 0.000462916 seconds.
  importAddress: GUID: d3a7f55920bbadd41a821514d2e6d287 - Path: Packages/com.meta.xr.sdk.core/Editor/BuildingBlocks/BlockData/MultiplayerBlocks/PhotonFusion/NetworkedAvatar/Prefabs/NetworkedAvatarFusion.prefab - Importer: ScriptedImporter/UnityEditor.QuickSearchModule:UnityEditor.Search:ASIAI0B
Importing 'GUID: d3a7f55920bbadd41a821514d2e6d287 - Path: Packages/com.meta.xr.sdk.core/Editor/BuildingBlocks/BlockData/MultiplayerBlocks/PhotonFusion/NetworkedAvatar/Prefabs/NetworkedAvatarFusion.prefab - Importer: ScriptedImporter/UnityEditor.QuickSearchModule:UnityEditor.Search:ASIAI0B' with importer (ScriptedImporter : UnityEditor.QuickSearchModule:UnityEditor.Search:ASIAI0B)
Imported 'GUID: d3a7f55920bbadd41a821514d2e6d287' -> (Import Result ID: 'b50852437f1bd9ff0aa82449244ca8f0') in 0.011 seconds [static and dynamic dependencies]. Details - ImportResultOutputID=9aa19a3b6adf7fb655ae839a8af0ad2a DependenciesID=5aade90020d120e6b56690f08f12d2c8 StaticDependenciesID=0771d402898c44ca6e16d6b05107ba37 
Number of updated asset objects reloaded before import = 0
Number of asset objects unloaded after import = 19
========================================================================
Received Import Request.
  Time of request: 2026-10-08T05:19:37.053782Z
  Time since last request: 0.000603875 seconds.
  importAddress: GUID: 50475dd42acaba449a6160af5830c8cb - Path: Packages/com.unity.xr.hands/LICENSE.md - Importer: ScriptedImporter/UnityEditor.QuickSearchModule:UnityEditor.Search:ASIAI0B
Importing 'GUID: 50475dd42acaba449a6160af5830c8cb - Path: Packages/com.unity.xr.hands/LICENSE.md - Importer: ScriptedImporter/UnityEditor.QuickSearchModule:UnityEditor.Search:ASIAI0B' with importer (ScriptedImporter : UnityEditor.QuickSearchModule:UnityEditor.Search:ASIAI0B)
Imported 'GUID: 50475dd42acaba449a6160af5830c8cb' -> (Import Result ID: '3520514847c129de5fd74e3b49f2e95e') in 0.002 seconds [static and dynamic dependencies]. Details - ImportResultOutputID=5c2e9097d946126d5611fbb40f76a752 DependenciesID=5fdb2e61c1794c079fa7fe807904c9fa StaticDependenciesID=4386dbd1a721c3051e11b943387440de 
Number of updated asset objects reloaded before import = 0
Number of asset objects unloaded after import = 1
========================================================================
Received Import Request.
  Time of request: 2026-10-08T05:19:37.073005Z
  Time since last request: 0.0006955 seconds.
  importAddress: GUID: 276f436a538714dfdbfe13422b072cef - Path: Packages/com.meta.xr.sdk.core/Editor/HandReadinessTool/Resources/cover_hands_readiness.png - Importer: ScriptedImporter/UnityEditor.QuickSearchModule:UnityEditor.Search:ASIAI0B
Importing 'GUID: 276f436a538714dfdbfe13422b072cef - Path: Packages/com.meta.xr.sdk.core/Editor/HandReadinessTool/Resources/cover_hands_readiness.png - Importer: ScriptedImporter/UnityEditor.QuickSearchModule:UnityEditor.Search:ASIAI0B' with importer (ScriptedImporter : UnityEditor.QuickSearchModule:UnityEditor.Search:ASIAI0B)
Imported 'GUID: 276f436a538714dfdbfe13422b072cef' -> (Import Result ID: '0cf7972a8ac0c0dcf9f283df5ac834ea') in 0.004 seconds [static and dynamic dependencies]. Details - ImportResultOutputID=bf12b021249ff039bc0c48e54cab08b6 DependenciesID=d679c4ed391075df22029898ae295cff StaticDependenciesID=7aa3ecd19369546972ed3bd239de78b6 
Number of updated asset objects reloaded before import = 0
Number of asset objects unloaded after import = 1
========================================================================
Received Import Request.
  Time of request: 2026-10-08T05:19:37.092454Z
  Time since last request: 0.00058 seconds.
  importAddress: GUID: c9a60280067f7ac46b24a8acedef827c - Path: Packages/com.meta.xr.sdk.core/Editor/MetaXRSimulator/Installer.cs - Importer: ScriptedImporter/UnityEditor.QuickSearchModule:UnityEditor.Search:ASIAI0B
Importing 'GUID: c9a60280067f7ac46b24a8acedef827c - Path: Packages/com.meta.xr.sdk.core/Editor/MetaXRSimulator/Installer.cs - Importer: ScriptedImporter/UnityEditor.QuickSearchModule:UnityEditor.Search:ASIAI0B' with importer (ScriptedImporter : UnityEditor.QuickSearchModule:UnityEditor.Search:ASIAI0B)
Imported 'GUID: c9a60280067f7ac46b24a8acedef827c' -> (Import Result ID: '9319490deccf90f6ca38c97c17dde928') in 0.001 seconds [static and dynamic dependencies]. Details - ImportResultOutputID=cfb5addfbb4772dbc627916243832f9b DependenciesID=28b92af797b3121a0bf0a2d32eb33839 StaticDependenciesID=f4d5b28d89102430eeea1718d79aee5b 
Number of updated asset objects reloaded before import = 0
Number of asset objects unloaded after import = 0
========================================================================
Received Import Request.
  Time of request: 2026-10-08T05:19:37.108628Z
  Time since last request: 0.000316708 seconds.
  importAddress: GUID: b67bc15bba082704fb3749d824d3fc7d - Path: Packages/com.meta.xr.sdk.core/Editor/BuildingBlocks/Utils - Importer: ScriptedImporter/UnityEditor.QuickSearchModule:UnityEditor.Search:ASIAI0B
Importing 'GUID: b67bc15bba082704fb3749d824d3fc7d - Path: Packages/com.meta.xr.sdk.core/Editor/BuildingBlocks/Utils - Importer: ScriptedImporter/UnityEditor.QuickSearchModule:UnityEditor.Search:ASIAI0B' with importer (ScriptedImporter : UnityEditor.QuickSearchModule:UnityEditor.Search:ASIAI0B)
Imported 'GUID: b67bc15bba082704fb3749d824d3fc7d' -> (Import Result ID: 'dce5aec897b03016d482b4e652ef497d') in 0.002 seconds [static and dynamic dependencies]. Details - ImportResultOutputID=646da265d75c316cfe16b6c455a11b65 DependenciesID=00a2325b2350a3337bc59f25a5690390 StaticDependenciesID=e6a4134f0abb61e669147b08c86e13dd 
Number of updated asset objects reloaded before import = 0
Number of asset objects unloaded after import = 1
========================================================================
Received Import Request.
  Time of request: 2026-10-08T05:19:37.124851Z
  Time since last request: 0.00034525 seconds.
  importAddress: GUID: c9d18d7a8a9f04c3092769b30e9afb92 - Path: Packages/com.meta.xr.sdk.core/Scripts/ImmersiveDebugger/Gizmos/DebugGizmos/Resources/CapsuleRayIntersect.cginc - Importer: ScriptedImporter/UnityEditor.QuickSearchModule:UnityEditor.Search:ASIAI0B
Importing 'GUID: c9d18d7a8a9f04c3092769b30e9afb92 - Path: Packages/com.meta.xr.sdk.core/Scripts/ImmersiveDebugger/Gizmos/DebugGizmos/Resources/CapsuleRayIntersect.cginc - Importer: ScriptedImporter/UnityEditor.QuickSearchModule:UnityEditor.Search:ASIAI0B' with importer (ScriptedImporter : UnityEditor.QuickSearchModule:UnityEditor.Search:ASIAI0B)
Imported 'GUID: c9d18d7a8a9f04c3092769b30e9afb92' -> (Import Result ID: '949e95cc37880856ed09bd7f5ea6025d') in 0.002 seconds [static and dynamic dependencies]. Details - ImportResultOutputID=3b4a0864ffdee8f00cf12ebdc9a7f2e4 DependenciesID=a0fb0f6634420316004c481a51bd01f2 StaticDependenciesID=883caeda02a102e6b13e371185be2967 
Number of updated asset objects reloaded before import = 0
Number of asset objects unloaded after import = 1
========================================================================
Received Import Request.
  Time of request: 2026-10-08T05:19:37.140816Z
  Time since last request: 0.000380708 seconds.
  importAddress: GUID: 92dd1ff21e711dc4b8b57eb39ab807ac - Path: Packages/com.meta.xr.sdk.core/Meshes/OculusTouchForQuestAndRiftS/Animation/OculusTouchQuestAndRiftSLeftAnimation.controller - Importer: ScriptedImporter/UnityEditor.QuickSearchModule:UnityEditor.Search:ASIAI0B
Importing 'GUID: 92dd1ff21e711dc4b8b57eb39ab807ac - Path: Packages/com.meta.xr.sdk.core/Meshes/OculusTouchForQuestAndRiftS/Animation/OculusTouchQuestAndRiftSLeftAnimation.controller - Importer: ScriptedImporter/UnityEditor.QuickSearchModule:UnityEditor.Search:ASIAI0B' with importer (ScriptedImporter : UnityEditor.QuickSearchModule:UnityEditor.Search:ASIAI0B)
Imported 'GUID: 92dd1ff21e711dc4b8b57eb39ab807ac' -> (Import Result ID: '8904bfdd012ce7072781e64493db42f0') in 0.007 seconds [static and dynamic dependencies]. Details - ImportResultOutputID=a770c9192deac0e562eaa2fe5b0ed0cc DependenciesID=2b98c1891db08435bcf1a32ed7515916 StaticDependenciesID=08137022ea418a1b3c2c7ad13a547f83 
Number of updated asset objects reloaded before import = 0
Number of asset objects unloaded after import = 38
========================================================================
Received Import Request.
  Time of request: 2026-10-08T05:19:37.160984Z
  Time since last request: 0.000228584 seconds.
  importAddress: GUID: b16f55607bcd4d8a96e50a03ac399289 - Path: Packages/com.meta.xr.sdk.core/Scripts/ImmersiveDebugger/Gizmos - Importer: ScriptedImporter/UnityEditor.QuickSearchModule:UnityEditor.Search:ASIAI0B
Importing 'GUID: b16f55607bcd4d8a96e50a03ac399289 - Path: Packages/com.meta.xr.sdk.core/Scripts/ImmersiveDebugger/Gizmos - Importer: ScriptedImporter/UnityEditor.QuickSearchModule:UnityEditor.Search:ASIAI0B' with importer (ScriptedImporter : UnityEditor.QuickSearchModule:UnityEditor.Search:ASIAI0B)
Imported 'GUID: b16f55607bcd4d8a96e50a03ac399289' -> (Import Result ID: '32988ce6e21651f0b41285cd31e36ea1') in 0.002 seconds [static and dynamic dependencies]. Details - ImportResultOutputID=75d9b04aa813d564ba32c0e56f7060f6 DependenciesID=f11b1f01f13636d58fd3b0e4b19b2e04 StaticDependenciesID=c96a73f8f39169b3fdb7c5532d2b6991 
Number of updated asset objects reloaded before import = 0
Number of asset objects unloaded after import = 1
========================================================================
Received Import Request.
  Time of request: 2026-10-08T05:19:37.175361Z
  Time since last request: 0.000514208 seconds.
  importAddress: GUID: 54e520b2522e0fd44806ed2b5b65e0ad - Path: Packages/com.meta.xr.sdk.core/Editor/BuildingBlocks/BlockData/VoiceBlocks/SpeechToTextBlock.asset - Importer: ScriptedImporter/UnityEditor.QuickSearchModule:UnityEditor.Search:ASIAI0B
Importing 'GUID: 54e520b2522e0fd44806ed2b5b65e0ad - Path: Packages/com.meta.xr.sdk.core/Editor/BuildingBlocks/BlockData/VoiceBlocks/SpeechToTextBlock.asset - Importer: ScriptedImporter/UnityEditor.QuickSearchModule:UnityEditor.Search:ASIAI0B' with importer (ScriptedImporter : UnityEditor.QuickSearchModule:UnityEditor.Search:ASIAI0B)
Imported 'GUID: 54e520b2522e0fd44806ed2b5b65e0ad' -> (Import Result ID: 'b2a91d435c7ae4e62f577c53a5c28531') in 0.017 seconds [static and dynamic dependencies]. Details - ImportResultOutputID=ca243aacb75d366a1e1767ce86201ee4 DependenciesID=dacada29b63d0a0162ab72f44a9b2012 StaticDependenciesID=2cfff8ff8dab12428a29ccdc2c18c7bc 
Number of updated asset objects reloaded before import = 0
Number of asset objects unloaded after import = 1
========================================================================
Received Import Request.
  Time of request: 2026-10-08T05:19:37.218805Z
  Time since last request: 0.012971708 seconds.
  importAddress: GUID: a7b38e3d3de845f4ba45872caddb358b - Path: Packages/com.meta.xr.sdk.core/Scripts/Util/Multiplayer/OVRUnityEditorSwitcher.cs - Importer: ScriptedImporter/UnityEditor.QuickSearchModule:UnityEditor.Search:ASIAI0B
Importing 'GUID: a7b38e3d3de845f4ba45872caddb358b - Path: Packages/com.meta.xr.sdk.core/Scripts/Util/Multiplayer/OVRUnityEditorSwitcher.cs - Importer: ScriptedImporter/UnityEditor.QuickSearchModule:UnityEditor.Search:ASIAI0B' with importer (ScriptedImporter : UnityEditor.QuickSearchModule:UnityEditor.Search:ASIAI0B)
Imported 'GUID: a7b38e3d3de845f4ba45872caddb358b' -> (Import Result ID: '7882678c50f2e42ca339d63cd02a23fe') in 0.001 seconds [static and dynamic dependencies]. Details - ImportResultOutputID=df506603005ed1021868eb464d241133 DependenciesID=9c2cad9c5499b293caab1d7a43b032d5 StaticDependenciesID=52bf35f2774930672dbd9b08903ec6e0 
Number of updated asset objects reloaded before import = 0
Number of asset objects unloaded after import = 0
========================================================================
Received Import Request.
  Time of request: 2026-10-08T05:19:37.233113Z
  Time since last request: 0.00058975 seconds.
  importAddress: GUID: 85ce8e1b85fe646a9bec5197449db40d - Path: Packages/com.meta.xr.sdk.core/Scripts/ImmersiveDebugger/RuntimeAPIs.cs - Importer: ScriptedImporter/UnityEditor.QuickSearchModule:UnityEditor.Search:ASIAI0B
Importing 'GUID: 85ce8e1b85fe646a9bec5197449db40d - Path: Packages/com.meta.xr.sdk.core/Scripts/ImmersiveDebugger/RuntimeAPIs.cs - Importer: ScriptedImporter/UnityEditor.QuickSearchModule:UnityEditor.Search:ASIAI0B' with importer (ScriptedImporter : UnityEditor.QuickSearchModule:UnityEditor.Search:ASIAI0B)
Imported 'GUID: 85ce8e1b85fe646a9bec5197449db40d' -> (Import Result ID: '573dcb7b05d3f4caeb5b73146300b82f') in 0.001 seconds [static and dynamic dependencies]. Details - ImportResultOutputID=18579791354a5c2981efe8003d6f937e DependenciesID=23e0ca098ae6f5d2c85e062fa6568499 StaticDependenciesID=14ae06f2f298355ef782c3d3aa9562f7 
Number of updated asset objects reloaded before import = 0
Number of asset objects unloaded after import = 0
========================================================================
Received Import Request.
  Time of request: 2026-10-08T05:19:37.246588Z
  Time since last request: 0.00037225 seconds.
  importAddress: GUID: 934b9896f9a748f981fbce7cec75a108 - Path: Packages/com.unity.xr.hands/Runtime/Capture/Recording/XRHandRecordingInitializeArgs.cs - Importer: ScriptedImporter/UnityEditor.QuickSearchModule:UnityEditor.Search:ASIAI0B
Importing 'GUID: 934b9896f9a748f981fbce7cec75a108 - Path: Packages/com.unity.xr.hands/Runtime/Capture/Recording/XRHandRecordingInitializeArgs.cs - Importer: ScriptedImporter/UnityEditor.QuickSearchModule:UnityEditor.Search:ASIAI0B' with importer (ScriptedImporter : UnityEditor.QuickSearchModule:UnityEditor.Search:ASIAI0B)
Imported 'GUID: 934b9896f9a748f981fbce7cec75a108' -> (Import Result ID: '2edef1ffa187b73c9ef1489b98f3b3b8') in 0.002 seconds [static and dynamic dependencies]. Details - ImportResultOutputID=95ee13e41987900c8dcbaf1d0e8cfe58 DependenciesID=f77bb1f730d9e0088d3ed6a052952425 StaticDependenciesID=ffa4c4b70a7e2a00c2ee010aa864dbcc 
Number of updated asset objects reloaded before import = 0
Number of asset objects unloaded after import = 0
========================================================================
Received Import Request.
  Time of request: 2026-10-08T05:19:37.262076Z
  Time since last request: 0.000400583 seconds.
  importAddress: GUID: c377f9699044947af8a34393e1da6b63 - Path: Packages/com.meta.xr.sdk.core/Editor/HandReadinessTool/UI/ScanningScreen.cs - Importer: ScriptedImporter/UnityEditor.QuickSearchModule:UnityEditor.Search:ASIAI0B
Importing 'GUID: c377f9699044947af8a34393e1da6b63 - Path: Packages/com.meta.xr.sdk.core/Editor/HandReadinessTool/UI/ScanningScreen.cs - Importer: ScriptedImporter/UnityEditor.QuickSearchModule:UnityEditor.Search:ASIAI0B' with importer (ScriptedImporter : UnityEditor.QuickSearchModule:UnityEditor.Search:ASIAI0B)
Imported 'GUID: c377f9699044947af8a34393e1da6b63' -> (Import Result ID: 'b5d5c40987e331949d432369da071860') in 0.001 seconds [static and dynamic dependencies]. Details - ImportResultOutputID=96a2a18e303e1d9a6c51074db4a84809 DependenciesID=ad8ebb359899fa710b5c32c8826d957b StaticDependenciesID=854cda296e01f9a8607b13d6a4ba121b 
Number of updated asset objects reloaded before import = 0
Number of asset objects unloaded after import = 0
========================================================================
Received Import Request.
  Time of request: 2026-10-08T05:19:37.276842Z
  Time since last request: 0.000469667 seconds.
  importAddress: GUID: 3abd38e0d18db6c49b2c96961d69d024 - Path: Packages/com.meta.xr.sdk.core/Meshes/MetaQuestTouchPro/Materials/batteryIndicator_mat.mat - Importer: ScriptedImporter/UnityEditor.QuickSearchModule:UnityEditor.Search:ASIAI0B
Importing 'GUID: 3abd38e0d18db6c49b2c96961d69d024 - Path: Packages/com.meta.xr.sdk.core/Meshes/MetaQuestTouchPro/Materials/batteryIndicator_mat.mat - Importer: ScriptedImporter/UnityEditor.QuickSearchModule:UnityEditor.Search:ASIAI0B' with importer (ScriptedImporter : UnityEditor.QuickSearchModule:UnityEditor.Search:ASIAI0B)
Imported 'GUID: 3abd38e0d18db6c49b2c96961d69d024' -> (Import Result ID: '9832bdbbc9d9901d6db4c6c00eded4b7') in 0.002 seconds [static and dynamic dependencies]. Details - ImportResultOutputID=129c5574ec9ace6241fc747966703cd9 DependenciesID=4a530faaf2cb546d8cd11677f2bd6c75 StaticDependenciesID=58e5fc300e5bb23f2b65091683bb5c60 
Number of updated asset objects reloaded before import = 0
Number of asset objects unloaded after import = 3
========================================================================
Received Import Request.
  Time of request: 2026-10-08T05:19:37.290166Z
  Time since last request: 0.000233125 seconds.
  importAddress: GUID: 1624d1475dba39d46a5a33694887514a - Path: Packages/com.meta.xr.sdk.core/Editor/Icons/ovr_icon_sidebar.png - Importer: ScriptedImporter/UnityEditor.QuickSearchModule:UnityEditor.Search:ASIAI0B
Importing 'GUID: 1624d1475dba39d46a5a33694887514a - Path: Packages/com.meta.xr.sdk.core/Editor/Icons/ovr_icon_sidebar.png - Importer: ScriptedImporter/UnityEditor.QuickSearchModule:UnityEditor.Search:ASIAI0B' with importer (ScriptedImporter : UnityEditor.QuickSearchModule:UnityEditor.Search:ASIAI0B)
Imported 'GUID: 1624d1475dba39d46a5a33694887514a' -> (Import Result ID: 'fdfe01d4ed1590b7639b8b19515776f7') in 0.003 seconds [static and dynamic dependencies]. Details - ImportResultOutputID=00fbbcefee15a39c05f87f3005bf3977 DependenciesID=12bcfdf1864c8d1877af24000620010d StaticDependenciesID=8385030331899a1b5ac9be5d82704221 
Number of updated asset objects reloaded before import = 0
Number of asset objects unloaded after import = 1
========================================================================
Received Import Request.
  Time of request: 2026-10-08T05:19:37.305032Z
  Time since last request: 0.000419334 seconds.
  importAddress: GUID: 89487d4e53da83547b13f5cc167b3050 - Path: Packages/com.meta.xr.sdk.core/Editor/BuildingBlocks/BlockData/PassthroughWindow - Importer: ScriptedImporter/UnityEditor.QuickSearchModule:UnityEditor.Search:ASIAI0B
Importing 'GUID: 89487d4e53da83547b13f5cc167b3050 - Path: Packages/com.meta.xr.sdk.core/Editor/BuildingBlocks/BlockData/PassthroughWindow - Importer: ScriptedImporter/UnityEditor.QuickSearchModule:UnityEditor.Search:ASIAI0B' with importer (ScriptedImporter : UnityEditor.QuickSearchModule:UnityEditor.Search:ASIAI0B)
Imported 'GUID: 89487d4e53da83547b13f5cc167b3050' -> (Import Result ID: '3eff27f2f845ef4c175916446ec8582a') in 0.001 seconds [static and dynamic dependencies]. Details - ImportResultOutputID=b0c93e55f87682217298d5350c92d630 DependenciesID=b25ef759494627f4966b0c10dfe0d06a StaticDependenciesID=cdbf995760cb54494ada2ae1aef7e040 
Number of updated asset objects reloaded before import = 0
Number of asset objects unloaded after import = 1
========================================================================
Received Import Request.
  Time of request: 2026-10-08T05:19:37.317694Z
  Time since last request: 0.000529708 seconds.
  importAddress: GUID: 16012dfc208e95d42a2198cd91b8f255 - Path: Packages/com.meta.xr.sdk.core/Scripts/ImmersiveDebugger/UserInterface/Generic/Controllers/Implementations/ScrollView.cs - Importer: ScriptedImporter/UnityEditor.QuickSearchModule:UnityEditor.Search:ASIAI0B
Importing 'GUID: 16012dfc208e95d42a2198cd91b8f255 - Path: Packages/com.meta.xr.sdk.core/Scripts/ImmersiveDebugger/UserInterface/Generic/Controllers/Implementations/ScrollView.cs - Importer: ScriptedImporter/UnityEditor.QuickSearchModule:UnityEditor.Search:ASIAI0B' with importer (ScriptedImporter : UnityEditor.QuickSearchModule:UnityEditor.Search:ASIAI0B)
Imported 'GUID: 16012dfc208e95d42a2198cd91b8f255' -> (Import Result ID: '95c9e1b1c0d220f2d62535d86483ddcf') in 0.001 seconds [static and dynamic dependencies]. Details - ImportResultOutputID=823382d90e0978e399d364523ea305c0 DependenciesID=cb0d31ce44feaa167a456b84d4868319 StaticDependenciesID=9090e4491fe763f58cdc1d24e1267b96 
Number of updated asset objects reloaded before import = 0
Number of asset objects unloaded after import = 0
========================================================================
Received Import Request.
  Time of request: 2026-10-08T05:19:37.330826Z
  Time since last request: 0.000323167 seconds.
  importAddress: GUID: df44fb1624687a94198a7555c8120c3d - Path: Packages/com.meta.xr.sdk.core/Scripts/ImmersiveDebugger/UserInterface/Resources/Styles/TextStyles/ConsoleLineLabel.asset - Importer: ScriptedImporter/UnityEditor.QuickSearchModule:UnityEditor.Search:ASIAI0B
Importing 'GUID: df44fb1624687a94198a7555c8120c3d - Path: Packages/com.meta.xr.sdk.core/Scripts/ImmersiveDebugger/UserInterface/Resources/Styles/TextStyles/ConsoleLineLabel.asset - Importer: ScriptedImporter/UnityEditor.QuickSearchModule:UnityEditor.Search:ASIAI0B' with importer (ScriptedImporter : UnityEditor.QuickSearchModule:UnityEditor.Search:ASIAI0B)
Imported 'GUID: df44fb1624687a94198a7555c8120c3d' -> (Import Result ID: 'cae901e9d8984c4867f926de3fd2b418') in 0.002 seconds [static and dynamic dependencies]. Details - ImportResultOutputID=3c52606765b5c7a8927d0462e4a304ea DependenciesID=51aa6fa4373edb09bc7631716f95f0f1 StaticDependenciesID=d7c34428858ae02a972768e9d8210e28 
Number of updated asset objects reloaded before import = 0
Number of asset objects unloaded after import = 3
========================================================================
Received Import Request.
  Time of request: 2026-10-08T05:19:37.344298Z
  Time since last request: 0.000487792 seconds.
  importAddress: GUID: 57da614536f74f60ad688bc772a81f16 - Path: Packages/com.meta.xr.sdk.core/Editor/Utils/UserInterface/UIItems/Icon.cs - Importer: ScriptedImporter/UnityEditor.QuickSearchModule:UnityEditor.Search:ASIAI0B
Importing 'GUID: 57da614536f74f60ad688bc772a81f16 - Path: Packages/com.meta.xr.sdk.core/Editor/Utils/UserInterface/UIItems/Icon.cs - Importer: ScriptedImporter/UnityEditor.QuickSearchModule:UnityEditor.Search:ASIAI0B' with importer (ScriptedImporter : UnityEditor.QuickSearchModule:UnityEditor.Search:ASIAI0B)
Imported 'GUID: 57da614536f74f60ad688bc772a81f16' -> (Import Result ID: '94ec742b83a52af3ae721b58ac91b666') in 0.001 seconds [static and dynamic dependencies]. Details - ImportResultOutputID=2a3a2ea82cb72a3349674a5115924a7e DependenciesID=d648cdc28557d9ed44c6ab5cab5ed305 StaticDependenciesID=4f4ccc4734bfb9297f9b254aa0b9e810 
Number of updated asset objects reloaded before import = 0
Number of asset objects unloaded after import = 0
========================================================================
Received Import Request.
  Time of request: 2026-10-08T05:19:37.358538Z
  Time since last request: 0.000267416 seconds.
  importAddress: GUID: afe800c24cff24604abb173ee38c64e8 - Path: Packages/com.meta.xr.sdk.core/Editor/HandReadinessTool/Resources/icon_copy.png - Importer: ScriptedImporter/UnityEditor.QuickSearchModule:UnityEditor.Search:ASIAI0B
Importing 'GUID: afe800c24cff24604abb173ee38c64e8 - Path: Packages/com.meta.xr.sdk.core/Editor/HandReadinessTool/Resources/icon_copy.png - Importer: ScriptedImporter/UnityEditor.QuickSearchModule:UnityEditor.Search:ASIAI0B' with importer (ScriptedImporter : UnityEditor.QuickSearchModule:UnityEditor.Search:ASIAI0B)
Imported 'GUID: afe800c24cff24604abb173ee38c64e8' -> (Import Result ID: 'c5c9cb4db28383a1868433b672ff667d') in 0.004 seconds [static and dynamic dependencies]. Details - ImportResultOutputID=d3953cba6121b2d8df6f5bc06aa45e11 DependenciesID=aa3422edf7aaaa9e1a4443618c1a86fb StaticDependenciesID=37eb02e7bcca77bdf29964817f876abc 
Number of updated asset objects reloaded before import = 0
Number of asset objects unloaded after import = 1
========================================================================
Received Import Request.
  Time of request: 2026-10-08T05:19:37.375697Z
  Time since last request: 0.000851375 seconds.
  importAddress: GUID: e11f019baaf9a354cb8ce428d709ab29 - Path: Packages/com.meta.xr.sdk.core/Scripts/ImmersiveDebugger/UserInterface/ConsoleLine.cs - Importer: ScriptedImporter/UnityEditor.QuickSearchModule:UnityEditor.Search:ASIAI0B
Importing 'GUID: e11f019baaf9a354cb8ce428d709ab29 - Path: Packages/com.meta.xr.sdk.core/Scripts/ImmersiveDebugger/UserInterface/ConsoleLine.cs - Importer: ScriptedImporter/UnityEditor.QuickSearchModule:UnityEditor.Search:ASIAI0B' with importer (ScriptedImporter : UnityEditor.QuickSearchModule:UnityEditor.Search:ASIAI0B)
Imported 'GUID: e11f019baaf9a354cb8ce428d709ab29' -> (Import Result ID: 'd6ace6f0c5b0caf6cfd0b2403a82bcb6') in 0.002 seconds [static and dynamic dependencies]. Details - ImportResultOutputID=225f176ff367dc95a076eaad38852c81 DependenciesID=8fac6b6d1ef07f6f144f7a6d270d3368 StaticDependenciesID=89098ad0394ebf450af0cfb97afcb3fd 
Number of updated asset objects reloaded before import = 0
Number of asset objects unloaded after import = 0
========================================================================
Received Import Request.
  Time of request: 2026-10-08T05:19:37.391097Z
  Time since last request: 0.000610958 seconds.
  importAddress: GUID: 8ad2ec60bd500e2e084c7042a4e2d4ce - Path: Packages/com.meta.xr.sdk.core/Editor/Utils/UserInterface/UIItems/RLDS/CodeBlock.cs - Importer: ScriptedImporter/UnityEditor.QuickSearchModule:UnityEditor.Search:ASIAI0B
Importing 'GUID: 8ad2ec60bd500e2e084c7042a4e2d4ce - Path: Packages/com.meta.xr.sdk.core/Editor/Utils/UserInterface/UIItems/RLDS/CodeBlock.cs - Importer: ScriptedImporter/UnityEditor.QuickSearchModule:UnityEditor.Search:ASIAI0B' with importer (ScriptedImporter : UnityEditor.QuickSearchModule:UnityEditor.Search:ASIAI0B)
Imported 'GUID: 8ad2ec60bd500e2e084c7042a4e2d4ce' -> (Import Result ID: 'acb3407362a221c1fa65d0473d740204') in 0.002 seconds [static and dynamic dependencies]. Details - ImportResultOutputID=bc8818d5ae97b92f511468fcf8bdd2d4 DependenciesID=5c24a7a2fdb1eaf59c241f402f72d436 StaticDependenciesID=957d339d511eb59c7e4bbf1ed3974fce 
Number of updated asset objects reloaded before import = 0
Number of asset objects unloaded after import = 0
========================================================================
Received Import Request.
  Time of request: 2026-10-08T05:19:37.406018Z
  Time since last request: 0.000903042 seconds.
  importAddress: GUID: d3f4e4ee09e2b934393c57fd04b70662 - Path: Packages/com.meta.xr.sdk.core/Scripts/Json - Importer: ScriptedImporter/UnityEditor.QuickSearchModule:UnityEditor.Search:ASIAI0B
Importing 'GUID: d3f4e4ee09e2b934393c57fd04b70662 - Path: Packages/com.meta.xr.sdk.core/Scripts/Json - Importer: ScriptedImporter/UnityEditor.QuickSearchModule:UnityEditor.Search:ASIAI0B' with importer (ScriptedImporter : UnityEditor.QuickSearchModule:UnityEditor.Search:ASIAI0B)
Imported 'GUID: d3f4e4ee09e2b934393c57fd04b70662' -> (Import Result ID: '920cf90d136d5922b9cc213cb5f39cd6') in 0.001 seconds [static and dynamic dependencies]. Details - ImportResultOutputID=96c489b7e02bd9c97afbbea2136b9427 DependenciesID=1141b880fe04dcc4ad9e15fb1b40939c StaticDependenciesID=47353a1578b0482397211964444e7f72 
Number of updated asset objects reloaded before import = 0
Number of asset objects unloaded after import = 1
========================================================================
Received Import Request.
  Time of request: 2026-10-08T05:19:37.421966Z
  Time since last request: 0.000416417 seconds.
  importAddress: GUID: 8a3de52d92244c7eac61e177fb524c74 - Path: Packages/com.meta.xr.sdk.core/Editor/Guide/Scripts/Core/GuideProcessor.cs - Importer: ScriptedImporter/UnityEditor.QuickSearchModule:UnityEditor.Search:ASIAI0B
Importing 'GUID: 8a3de52d92244c7eac61e177fb524c74 - Path: Packages/com.meta.xr.sdk.core/Editor/Guide/Scripts/Core/GuideProcessor.cs - Importer: ScriptedImporter/UnityEditor.QuickSearchModule:UnityEditor.Search:ASIAI0B' with importer (ScriptedImporter : UnityEditor.QuickSearchModule:UnityEditor.Search:ASIAI0B)
Imported 'GUID: 8a3de52d92244c7eac61e177fb524c74' -> (Import Result ID: 'e9f06addce71325bdf4d4f854b332ae4') in 0.001 seconds [static and dynamic dependencies]. Details - ImportResultOutputID=54d6bfbdf7c751dd34d602ad79ca963f DependenciesID=0279fc8f44b84f2924001d83db40e361 StaticDependenciesID=164ce616b6a923498308eea2cc29f671 
Number of updated asset objects reloaded before import = 0
Number of asset objects unloaded after import = 0
========================================================================
Received Import Request.
  Time of request: 2026-10-08T05:19:37.438865Z
  Time since last request: 0.000506209 seconds.
  importAddress: GUID: b1f40c50ae24356469c6c6d4bfb2a2d6 - Path: Packages/com.meta.xr.sdk.core/Textures/OculusTouchForQuest2/OculusTouchForQuest2_AlbedoRoughness.tga - Importer: ScriptedImporter/UnityEditor.QuickSearchModule:UnityEditor.Search:ASIAI0B
Importing 'GUID: b1f40c50ae24356469c6c6d4bfb2a2d6 - Path: Packages/com.meta.xr.sdk.core/Textures/OculusTouchForQuest2/OculusTouchForQuest2_AlbedoRoughness.tga - Importer: ScriptedImporter/UnityEditor.QuickSearchModule:UnityEditor.Search:ASIAI0B' with importer (ScriptedImporter : UnityEditor.QuickSearchModule:UnityEditor.Search:ASIAI0B)
Imported 'GUID: b1f40c50ae24356469c6c6d4bfb2a2d6' -> (Import Result ID: '01e911f69279099df9e30518a46944f9') in 0.012 seconds [static and dynamic dependencies]. Details - ImportResultOutputID=b2c2cdb9b4ada33d845d1d583b3c8e7f DependenciesID=d86aa56d5300100877460cd5eae4a438 StaticDependenciesID=d820b0d85a40437fce999f21a27acfd2 
Number of updated asset objects reloaded before import = 0
Number of asset objects unloaded after import = 1
========================================================================
Received Import Request.
  Time of request: 2026-10-08T05:19:37.468454Z
  Time since last request: 0.000537209 seconds.
  importAddress: GUID: eaccef2ad0b041dda6579f051f6ccab8 - Path: Packages/com.unity.xr.hands/Runtime/Capture/Playback/Transforms/IPlaybackCoordinateTransform.cs - Importer: ScriptedImporter/UnityEditor.QuickSearchModule:UnityEditor.Search:ASIAI0B
Importing 'GUID: eaccef2ad0b041dda6579f051f6ccab8 - Path: Packages/com.unity.xr.hands/Runtime/Capture/Playback/Transforms/IPlaybackCoordinateTransform.cs - Importer: ScriptedImporter/UnityEditor.QuickSearchModule:UnityEditor.Search:ASIAI0B' with importer (ScriptedImporter : UnityEditor.QuickSearchModule:UnityEditor.Search:ASIAI0B)
Imported 'GUID: eaccef2ad0b041dda6579f051f6ccab8' -> (Import Result ID: '466edcbf69bc1d9e532dd61258cfc923') in 0.002 seconds [static and dynamic dependencies]. Details - ImportResultOutputID=3755f30197dc4b252fc253002d0c2472 DependenciesID=e48fb615aded7e7224236df9b4cc9d94 StaticDependenciesID=5245a17fa32b8217ffff06db16cdd162 
Number of updated asset objects reloaded before import = 0
Number of asset objects unloaded after import = 0
========================================================================
Received Import Request.
  Time of request: 2026-10-08T05:19:37.490849Z
  Time since last request: 0.000447209 seconds.
  importAddress: GUID: a1237275bcaf964468806c3c35957cb5 - Path: Packages/com.meta.xr.sdk.core/Scripts/BuildingBlocks/MultiplayerBlocks/Shared/NetworkedAvatar/AvatarSDK/Prefabs/Rendering - Importer: ScriptedImporter/UnityEditor.QuickSearchModule:UnityEditor.Search:ASIAI0B
Importing 'GUID: a1237275bcaf964468806c3c35957cb5 - Path: Packages/com.meta.xr.sdk.core/Scripts/BuildingBlocks/MultiplayerBlocks/Shared/NetworkedAvatar/AvatarSDK/Prefabs/Rendering - Importer: ScriptedImporter/UnityEditor.QuickSearchModule:UnityEditor.Search:ASIAI0B' with importer (ScriptedImporter : UnityEditor.QuickSearchModule:UnityEditor.Search:ASIAI0B)
Imported 'GUID: a1237275bcaf964468806c3c35957cb5' -> (Import Result ID: '12b76cf622b7b65c447ca40f75ef3536') in 0.002 seconds [static and dynamic dependencies]. Details - ImportResultOutputID=df352193f63cada52cbd48a3aafe9e22 DependenciesID=5894b5dd4a2e45541eb6894578687974 StaticDependenciesID=2a7b9cdfeaf4fbcb2fca3f87eb679b31 
Number of updated asset objects reloaded before import = 0
Number of asset objects unloaded after import = 1
========================================================================
Received Import Request.
  Time of request: 2026-10-08T05:19:37.513567Z
  Time since last request: 0.000741292 seconds.
  importAddress: GUID: 7379ca8c13ea84705917bd54ffe83510 - Path: Packages/com.meta.xr.sdk.core/Editor/HandReadinessTool/Resources/icon_touch_3_left.png - Importer: ScriptedImporter/UnityEditor.QuickSearchModule:UnityEditor.Search:ASIAI0B
Importing 'GUID: 7379ca8c13ea84705917bd54ffe83510 - Path: Packages/com.meta.xr.sdk.core/Editor/HandReadinessTool/Resources/icon_touch_3_left.png - Importer: ScriptedImporter/UnityEditor.QuickSearchModule:UnityEditor.Search:ASIAI0B' with importer (ScriptedImporter : UnityEditor.QuickSearchModule:UnityEditor.Search:ASIAI0B)
Imported 'GUID: 7379ca8c13ea84705917bd54ffe83510' -> (Import Result ID: '92951373c590e3c8a830ede64c7612ca') in 0.005 seconds [static and dynamic dependencies]. Details - ImportResultOutputID=388e1e655226bec256840721f53a18af DependenciesID=563c3cf72f5b35b18d3d5b646a016e55 StaticDependenciesID=73e903fab9a6e01ef9a3523943ca19ac 
Number of updated asset objects reloaded before import = 0
Number of asset objects unloaded after import = 1
========================================================================
Received Import Request.
  Time of request: 2026-10-08T05:19:37.544534Z
  Time since last request: 0.005407417 seconds.
  importAddress: GUID: c813208e672e3074bbe118e1a9ee94fd - Path: Packages/com.meta.xr.sdk.core/Prefabs/OVRSceneManager.prefab - Importer: ScriptedImporter/UnityEditor.QuickSearchModule:UnityEditor.Search:ASIAI0B
Importing 'GUID: c813208e672e3074bbe118e1a9ee94fd - Path: Packages/com.meta.xr.sdk.core/Prefabs/OVRSceneManager.prefab - Importer: ScriptedImporter/UnityEditor.QuickSearchModule:UnityEditor.Search:ASIAI0B' with importer (ScriptedImporter : UnityEditor.QuickSearchModule:UnityEditor.Search:ASIAI0B)
Imported 'GUID: c813208e672e3074bbe118e1a9ee94fd' -> (Import Result ID: 'e51e470a885019cd1e614b86504c8d0a') in 0.025 seconds [static and dynamic dependencies]. Details - ImportResultOutputID=043d37df1fcca55152eb4ecf145183fa DependenciesID=1bcd32cac5a938feeb6e0ba690149204 StaticDependenciesID=b064279ff9ccad00b0d753ceead696b4 
Number of updated asset objects reloaded before import = 0
Number of asset objects unloaded after import = 6
========================================================================
Received Import Request.
  Time of request: 2026-10-08T05:19:37.586458Z
  Time since last request: 0.000272417 seconds.
  importAddress: GUID: 4994efc4f48730b4bb8fcadeb32904da - Path: Packages/com.meta.xr.sdk.core/Editor/BuildingBlocks/BlockData/SampleSpatialAnchorController/Meshs - Importer: ScriptedImporter/UnityEditor.QuickSearchModule:UnityEditor.Search:ASIAI0B
Importing 'GUID: 4994efc4f48730b4bb8fcadeb32904da - Path: Packages/com.meta.xr.sdk.core/Editor/BuildingBlocks/BlockData/SampleSpatialAnchorController/Meshs - Importer: ScriptedImporter/UnityEditor.QuickSearchModule:UnityEditor.Search:ASIAI0B' with importer (ScriptedImporter : UnityEditor.QuickSearchModule:UnityEditor.Search:ASIAI0B)
Imported 'GUID: 4994efc4f48730b4bb8fcadeb32904da' -> (Import Result ID: 'fca352e5738a70497d1694e297141d2a') in 0.002 seconds [static and dynamic dependencies]. Details - ImportResultOutputID=d2c5e9bef142014a9b6ab8f3a5a48678 DependenciesID=1061fe3b99ba62ceb8c1ada265d5ee3b StaticDependenciesID=4cd5aba200789a174b246bac95177329 
Number of updated asset objects reloaded before import = 0
Number of asset objects unloaded after import = 1
========================================================================
Received Import Request.
  Time of request: 2026-10-08T05:19:37.603014Z
  Time since last request: 0.000376666 seconds.
  importAddress: GUID: b0f33ef91ad99904687d8c1eb90a153e - Path: Packages/com.meta.xr.sdk.core/Editor/BuildingBlocks/BlockData/AIBlocks/TextToSpeech/Prefabs/TextToSpeech.prefab - Importer: ScriptedImporter/UnityEditor.QuickSearchModule:UnityEditor.Search:ASIAI0B
Importing 'GUID: b0f33ef91ad99904687d8c1eb90a153e - Path: Packages/com.meta.xr.sdk.core/Editor/BuildingBlocks/BlockData/AIBlocks/TextToSpeech/Prefabs/TextToSpeech.prefab - Importer: ScriptedImporter/UnityEditor.QuickSearchModule:UnityEditor.Search:ASIAI0B' with importer (ScriptedImporter : UnityEditor.QuickSearchModule:UnityEditor.Search:ASIAI0B)
Imported 'GUID: b0f33ef91ad99904687d8c1eb90a153e' -> (Import Result ID: '1b64ba0423bfe4161ea7e2bdf1d52c9b') in 0.029 seconds [static and dynamic dependencies]. Details - ImportResultOutputID=9c4cd425b6cfb73720e619c1c462e4a8 DependenciesID=e9a45f295ca77c35bab0e33de327d47a StaticDependenciesID=25d25e29b7fb24a7f2ec0a796c7c8805 
Number of updated asset objects reloaded before import = 0
Number of asset objects unloaded after import = 6
========================================================================
Received Import Request.
  Time of request: 2026-10-08T05:19:37.646183Z
  Time since last request: 0.000356791 seconds.
  importAddress: GUID: 704d2d11f4d2edd83ac6feadd730c553 - Path: Packages/com.meta.xr.sdk.core/Editor/Icons/cover_bg.png - Importer: ScriptedImporter/UnityEditor.QuickSearchModule:UnityEditor.Search:ASIAI0B
Importing 'GUID: 704d2d11f4d2edd83ac6feadd730c553 - Path: Packages/com.meta.xr.sdk.core/Editor/Icons/cover_bg.png - Importer: ScriptedImporter/UnityEditor.QuickSearchModule:UnityEditor.Search:ASIAI0B' with importer (ScriptedImporter : UnityEditor.QuickSearchModule:UnityEditor.Search:ASIAI0B)
Imported 'GUID: 704d2d11f4d2edd83ac6feadd730c553' -> (Import Result ID: '7ec48fe6ad8171b952872604b6bd27f3') in 0.004 seconds [static and dynamic dependencies]. Details - ImportResultOutputID=af9096a84c678d1e0e6bf3d882a44e1b DependenciesID=73a04cf5108806ed33d2a454bf46e8f2 StaticDependenciesID=b09f7be7a21b7440fdc3d45dd3b839d9 
Number of updated asset objects reloaded before import = 0
Number of asset objects unloaded after import = 1
========================================================================
Received Import Request.
  Time of request: 2026-10-08T05:19:37.666224Z
  Time since last request: 0.000725333 seconds.
  importAddress: GUID: 0e3709c4d49f59a4c9c2ccb79bc06f0a - Path: Packages/com.meta.xr.sdk.core/Editor/BuildingBlocks/BlockData/AIBlocks/TextToSpeech/Scripts/TextToSpeechInstallationRoutine.cs - Importer: ScriptedImporter/UnityEditor.QuickSearchModule:UnityEditor.Search:ASIAI0B
Importing 'GUID: 0e3709c4d49f59a4c9c2ccb79bc06f0a - Path: Packages/com.meta.xr.sdk.core/Editor/BuildingBlocks/BlockData/AIBlocks/TextToSpeech/Scripts/TextToSpeechInstallationRoutine.cs - Importer: ScriptedImporter/UnityEditor.QuickSearchModule:UnityEditor.Search:ASIAI0B' with importer (ScriptedImporter : UnityEditor.QuickSearchModule:UnityEditor.Search:ASIAI0B)
Imported 'GUID: 0e3709c4d49f59a4c9c2ccb79bc06f0a' -> (Import Result ID: 'e213ff5d6640da75c032c9faadc276ef') in 0.002 seconds [static and dynamic dependencies]. Details - ImportResultOutputID=96c1a5c6b1a35d519d864c40f4c2df33 DependenciesID=2e305c92935c76d5a340232b034dafa9 StaticDependenciesID=4eabc4af611879a117ac71b574cd16b6 
Number of updated asset objects reloaded before import = 0
Number of asset objects unloaded after import = 0
========================================================================
Received Import Request.
  Time of request: 2026-10-08T05:19:37.682762Z
  Time since last request: 0.000536833 seconds.
  importAddress: GUID: 13a0c361fb58d9d4685ee31c5ce64170 - Path: Packages/com.meta.xr.sdk.core/Editor/Utils/UserInterface/UIItems/RLDS/SdkMenuButtonPreviewWindow.cs - Importer: ScriptedImporter/UnityEditor.QuickSearchModule:UnityEditor.Search:ASIAI0B
Importing 'GUID: 13a0c361fb58d9d4685ee31c5ce64170 - Path: Packages/com.meta.xr.sdk.core/Editor/Utils/UserInterface/UIItems/RLDS/SdkMenuButtonPreviewWindow.cs - Importer: ScriptedImporter/UnityEditor.QuickSearchModule:UnityEditor.Search:ASIAI0B' with importer (ScriptedImporter : UnityEditor.QuickSearchModule:UnityEditor.Search:ASIAI0B)
Imported 'GUID: 13a0c361fb58d9d4685ee31c5ce64170' -> (Import Result ID: '60d672e9afd5cbd032ce5d396c963c04') in 0.002 seconds [static and dynamic dependencies]. Details - ImportResultOutputID=aaf1451dfe262c473bac15f985d142ff DependenciesID=880dd6917483c03295d9841a704c740e StaticDependenciesID=b52e05cf43a9d83304bc384aa8ab61d5 
Number of updated asset objects reloaded before import = 0
Number of asset objects unloaded after import = 0
========================================================================
Received Import Request.
  Time of request: 2026-10-08T05:19:37.702309Z
  Time since last request: 0.000694042 seconds.
  importAddress: GUID: bfd6737ed1e664c02b954687acd046e9 - Path: Packages/com.unity.xr.hands/Runtime/Impl/Enums.cs - Importer: ScriptedImporter/UnityEditor.QuickSearchModule:UnityEditor.Search:ASIAI0B
Importing 'GUID: bfd6737ed1e664c02b954687acd046e9 - Path: Packages/com.unity.xr.hands/Runtime/Impl/Enums.cs - Importer: ScriptedImporter/UnityEditor.QuickSearchModule:UnityEditor.Search:ASIAI0B' with importer (ScriptedImporter : UnityEditor.QuickSearchModule:UnityEditor.Search:ASIAI0B)
Imported 'GUID: bfd6737ed1e664c02b954687acd046e9' -> (Import Result ID: '4b17c5c4349b42dea25502c1e6cc0426') in 0.001 seconds [static and dynamic dependencies]. Details - ImportResultOutputID=7fcf7031340d238e5b147ad3e03a74b0 DependenciesID=4fee8615a98831aa62d2de28f47440cf StaticDependenciesID=86e4d5520819004a7bf8b4770c03a191 
Number of updated asset objects reloaded before import = 0
Number of asset objects unloaded after import = 0
========================================================================
Received Import Request.
  Time of request: 2026-10-08T05:19:37.720004Z
  Time since last request: 0.000384917 seconds.
  importAddress: GUID: f24f307309fb86a4b9340fa351fc7382 - Path: Packages/com.meta.xr.sdk.core/Editor/OVRProjectSetup/Notifications/UPSTNotificationData.cs - Importer: ScriptedImporter/UnityEditor.QuickSearchModule:UnityEditor.Search:ASIAI0B
Importing 'GUID: f24f307309fb86a4b9340fa351fc7382 - Path: Packages/com.meta.xr.sdk.core/Editor/OVRProjectSetup/Notifications/UPSTNotificationData.cs - Importer: ScriptedImporter/UnityEditor.QuickSearchModule:UnityEditor.Search:ASIAI0B' with importer (ScriptedImporter : UnityEditor.QuickSearchModule:UnityEditor.Search:ASIAI0B)
Imported 'GUID: f24f307309fb86a4b9340fa351fc7382' -> (Import Result ID: 'e1eb7fb93764f9677979111a1f19ed42') in 0.002 seconds [static and dynamic dependencies]. Details - ImportResultOutputID=f8e0d194d9abd485cbe384705b113284 DependenciesID=4ea0de23c369d035d484d21e7d8afd9d StaticDependenciesID=e637f6dd114475e5a521ce5bd0c49d3a 
Number of updated asset objects reloaded before import = 0
Number of asset objects unloaded after import = 0
========================================================================
Received Import Request.
  Time of request: 2026-10-08T05:19:37.74046Z
  Time since last request: 0.000377834 seconds.
  importAddress: GUID: ce8f78b2b9292484e97f36ad9568fc4f - Path: Packages/com.meta.xr.sdk.core/Textures/handle.png - Importer: ScriptedImporter/UnityEditor.QuickSearchModule:UnityEditor.Search:ASIAI0B
Importing 'GUID: ce8f78b2b9292484e97f36ad9568fc4f - Path: Packages/com.meta.xr.sdk.core/Textures/handle.png - Importer: ScriptedImporter/UnityEditor.QuickSearchModule:UnityEditor.Search:ASIAI0B' with importer (ScriptedImporter : UnityEditor.QuickSearchModule:UnityEditor.Search:ASIAI0B)
Imported 'GUID: ce8f78b2b9292484e97f36ad9568fc4f' -> (Import Result ID: '7781c0c00171a0c117daac9ab3b3ae42') in 0.012 seconds [static and dynamic dependencies]. Details - ImportResultOutputID=a2b1febb2df3a0b0e89a36c6328123d6 DependenciesID=d66a3133213f60bc33ae824f28fca9c5 StaticDependenciesID=914709a882bdbdc8c9973891e5c89ae7 
Number of updated asset objects reloaded before import = 0
Number of asset objects unloaded after import = 3
========================================================================
Received Import Request.
  Time of request: 2026-10-08T05:19:37.768355Z
  Time since last request: 0.000623084 seconds.
  importAddress: GUID: a7946c8201779ef49941669a686a07c4 - Path: Packages/com.meta.xr.sdk.core/Editor/Utils/EditorCoroutine/Meta.XR.Editor.EditorCoroutine.asmdef - Importer: ScriptedImporter/UnityEditor.QuickSearchModule:UnityEditor.Search:ASIAI0B
Importing 'GUID: a7946c8201779ef49941669a686a07c4 - Path: Packages/com.meta.xr.sdk.core/Editor/Utils/EditorCoroutine/Meta.XR.Editor.EditorCoroutine.asmdef - Importer: ScriptedImporter/UnityEditor.QuickSearchModule:UnityEditor.Search:ASIAI0B' with importer (ScriptedImporter : UnityEditor.QuickSearchModule:UnityEditor.Search:ASIAI0B)
Imported 'GUID: a7946c8201779ef49941669a686a07c4' -> (Import Result ID: '296c34936d3e01f54e0515bed6532205') in 0.002 seconds [static and dynamic dependencies]. Details - ImportResultOutputID=f4aaf91767c1045fe4af0d08f4b27bf8 DependenciesID=74d9b9aea9ce8fdb85c871427df91eca StaticDependenciesID=e16ae9afbb28881bbd81e00f01759b2c 
Number of updated asset objects reloaded before import = 0
Number of asset objects unloaded after import = 1
========================================================================
Received Import Request.
  Time of request: 2026-10-08T05:19:37.784829Z
  Time since last request: 0.000346083 seconds.
  importAddress: GUID: 413bd4e9cbbc96b46ac5a1d62a4105d5 - Path: Packages/com.meta.xr.sdk.core/Scripts/BuildingBlocks/MultiplayerBlocks/Shared/NetworkGrabbableObject/Scripts/TransferOwnershipOnSelect.cs - Importer: ScriptedImporter/UnityEditor.QuickSearchModule:UnityEditor.Search:ASIAI0B
Importing 'GUID: 413bd4e9cbbc96b46ac5a1d62a4105d5 - Path: Packages/com.meta.xr.sdk.core/Scripts/BuildingBlocks/MultiplayerBlocks/Shared/NetworkGrabbableObject/Scripts/TransferOwnershipOnSelect.cs - Importer: ScriptedImporter/UnityEditor.QuickSearchModule:UnityEditor.Search:ASIAI0B' with importer (ScriptedImporter : UnityEditor.QuickSearchModule:UnityEditor.Search:ASIAI0B)
Imported 'GUID: 413bd4e9cbbc96b46ac5a1d62a4105d5' -> (Import Result ID: '703c9bc1bf33aea73f03de4c35680c13') in 0.002 seconds [static and dynamic dependencies]. Details - ImportResultOutputID=0b95d6fee6b86b895f31d44d7993912f DependenciesID=6bf8eed6abfa9e624faed6177d858892 StaticDependenciesID=9b54fbaafb44ebe84d29e06fac897a2e 
Number of updated asset objects reloaded before import = 0
Number of asset objects unloaded after import = 0
========================================================================
Received Import Request.
  Time of request: 2026-10-08T05:19:37.801855Z
  Time since last request: 0.000893958 seconds.
  importAddress: GUID: d24ae3af074de5846a302adb9e116f86 - Path: Packages/com.meta.xr.sdk.core/Editor/BuildingBlocks/BlockData/PassthroughCameraVisualizer/Prefabs - Importer: ScriptedImporter/UnityEditor.QuickSearchModule:UnityEditor.Search:ASIAI0B
Importing 'GUID: d24ae3af074de5846a302adb9e116f86 - Path: Packages/com.meta.xr.sdk.core/Editor/BuildingBlocks/BlockData/PassthroughCameraVisualizer/Prefabs - Importer: ScriptedImporter/UnityEditor.QuickSearchModule:UnityEditor.Search:ASIAI0B' with importer (ScriptedImporter : UnityEditor.QuickSearchModule:UnityEditor.Search:ASIAI0B)
Imported 'GUID: d24ae3af074de5846a302adb9e116f86' -> (Import Result ID: '5a4d2338c306afadbae62c22d90e127a') in 0.002 seconds [static and dynamic dependencies]. Details - ImportResultOutputID=464e421bf72626d163d4c234cf258930 DependenciesID=39ac5fd784ddf9e0cbbdbe704e87afa7 StaticDependenciesID=c6004e9ab76519a30903f88f0f9ddc2c 
Number of updated asset objects reloaded before import = 0
Number of asset objects unloaded after import = 1
========================================================================
Received Import Request.
  Time of request: 2026-10-08T05:19:37.818104Z
  Time since last request: 0.000539959 seconds.
  importAddress: GUID: 6a5337dc6490f4a1c91bed5f35e46015 - Path: Packages/com.meta.xr.sdk.core/Editor/RuntimeOptimizer/PerformanceInsight/PerfettoAnalysisBestPractices.md - Importer: ScriptedImporter/UnityEditor.QuickSearchModule:UnityEditor.Search:ASIAI0B
Importing 'GUID: 6a5337dc6490f4a1c91bed5f35e46015 - Path: Packages/com.meta.xr.sdk.core/Editor/RuntimeOptimizer/PerformanceInsight/PerfettoAnalysisBestPractices.md - Importer: ScriptedImporter/UnityEditor.QuickSearchModule:UnityEditor.Search:ASIAI0B' with importer (ScriptedImporter : UnityEditor.QuickSearchModule:UnityEditor.Search:ASIAI0B)
Imported 'GUID: 6a5337dc6490f4a1c91bed5f35e46015' -> (Import Result ID: 'be82116e96b1416db092cc47ad5e602d') in 0.002 seconds [static and dynamic dependencies]. Details - ImportResultOutputID=1cd950310f6a4601810d0cfaacf9181b DependenciesID=2819793da0fe25787fbcdae987736a60 StaticDependenciesID=4de99af8fd5aec9beeb90a8c22b4e9e1 
Number of updated asset objects reloaded before import = 0
Number of asset objects unloaded after import = 1
========================================================================
Received Import Request.
  Time of request: 2026-10-08T05:19:37.834757Z
  Time since last request: 0.000688583 seconds.
  importAddress: GUID: 99fa3d338db2147a985638fd7a48a57d - Path: Packages/com.meta.xr.sdk.core/Editor/UnityADBToolSingleton.cs - Importer: ScriptedImporter/UnityEditor.QuickSearchModule:UnityEditor.Search:ASIAI0B
Importing 'GUID: 99fa3d338db2147a985638fd7a48a57d - Path: Packages/com.meta.xr.sdk.core/Editor/UnityADBToolSingleton.cs - Importer: ScriptedImporter/UnityEditor.QuickSearchModule:UnityEditor.Search:ASIAI0B' with importer (ScriptedImporter : UnityEditor.QuickSearchModule:UnityEditor.Search:ASIAI0B)
Imported 'GUID: 99fa3d338db2147a985638fd7a48a57d' -> (Import Result ID: '3ac55fc02fdd962dff4b4e2342282762') in 0.002 seconds [static and dynamic dependencies]. Details - ImportResultOutputID=6fcea7d8b27cedbdf7bb8f751ce36bf6 DependenciesID=33f9a430d81c4ab4dfbc36e2c7d14d35 StaticDependenciesID=2c4f7a85715ccdda6083fe2d2b2c383f 
Number of updated asset objects reloaded before import = 0
Number of asset objects unloaded after import = 0
========================================================================
Received Import Request.
  Time of request: 2026-10-08T05:19:37.850744Z
  Time since last request: 0.000482375 seconds.
  importAddress: GUID: 273b46be647a923489b6778bafdb8189 - Path: Packages/com.meta.xr.sdk.core/Editor/AgentBridge/Settings.cs - Importer: ScriptedImporter/UnityEditor.QuickSearchModule:UnityEditor.Search:ASIAI0B
Importing 'GUID: 273b46be647a923489b6778bafdb8189 - Path: Packages/com.meta.xr.sdk.core/Editor/AgentBridge/Settings.cs - Importer: ScriptedImporter/UnityEditor.QuickSearchModule:UnityEditor.Search:ASIAI0B' with importer (ScriptedImporter : UnityEditor.QuickSearchModule:UnityEditor.Search:ASIAI0B)
Imported 'GUID: 273b46be647a923489b6778bafdb8189' -> (Import Result ID: 'd0992a205a80782ad41cd2094c549fe1') in 0.002 seconds [static and dynamic dependencies]. Details - ImportResultOutputID=70cbabb976fe4a732f51f8e37b415e0c DependenciesID=3d05eab5ca2d800f89b7cd3aaefe94f1 StaticDependenciesID=d989b144a679ed10eb0a9e9b3d970c59 
Number of updated asset objects reloaded before import = 0
Number of asset objects unloaded after import = 0
========================================================================
Received Import Request.
  Time of request: 2026-10-08T05:19:37.867385Z
  Time since last request: 0.000497375 seconds.
  importAddress: GUID: a37f142c2da3d4eaaaeaa72193b11f7a - Path: Packages/com.meta.xr.sdk.core/Editor/Guide/Guides/Welcome - Importer: ScriptedImporter/UnityEditor.QuickSearchModule:UnityEditor.Search:ASIAI0B
Importing 'GUID: a37f142c2da3d4eaaaeaa72193b11f7a - Path: Packages/com.meta.xr.sdk.core/Editor/Guide/Guides/Welcome - Importer: ScriptedImporter/UnityEditor.QuickSearchModule:UnityEditor.Search:ASIAI0B' with importer (ScriptedImporter : UnityEditor.QuickSearchModule:UnityEditor.Search:ASIAI0B)
Imported 'GUID: a37f142c2da3d4eaaaeaa72193b11f7a' -> (Import Result ID: 'f6758b6e91b26337b1b6ca971003f42c') in 0.001 seconds [static and dynamic dependencies]. Details - ImportResultOutputID=73bbe39689d189a77ec42e52878da20a DependenciesID=dcadcdc4a23210cafbcfec83dc5995ea StaticDependenciesID=8d001effc4854a3842158c50b6d793b0 
Number of updated asset objects reloaded before import = 0
Number of asset objects unloaded after import = 1
========================================================================
Received Import Request.
  Time of request: 2026-10-08T05:19:37.884144Z
  Time since last request: 0.000516833 seconds.
  importAddress: GUID: 285832bbc0585ef40ba90095a03c9449 - Path: Packages/com.meta.xr.sdk.core/Scripts/Editor/Movement/OVRMovementTool.cs - Importer: ScriptedImporter/UnityEditor.QuickSearchModule:UnityEditor.Search:ASIAI0B
Importing 'GUID: 285832bbc0585ef40ba90095a03c9449 - Path: Packages/com.meta.xr.sdk.core/Scripts/Editor/Movement/OVRMovementTool.cs - Importer: ScriptedImporter/UnityEditor.QuickSearchModule:UnityEditor.Search:ASIAI0B' with importer (ScriptedImporter : UnityEditor.QuickSearchModule:UnityEditor.Search:ASIAI0B)
Imported 'GUID: 285832bbc0585ef40ba90095a03c9449' -> (Import Result ID: '8d0e1f24dc7da7f77c3c45cb4742795c') in 0.001 seconds [static and dynamic dependencies]. Details - ImportResultOutputID=a813e6b5a444171355abd56fcf4577d1 DependenciesID=e324f69ac1b443fdc98678a87333e2bd StaticDependenciesID=9010135dcf32c981bfeb6a576126d196 
Number of updated asset objects reloaded before import = 0
Number of asset objects unloaded after import = 0
========================================================================
Received Import Request.
  Time of request: 2026-10-08T05:19:37.901006Z
  Time since last request: 0.000569125 seconds.
  importAddress: GUID: 589b36d0aa66c7349bcff8750b670434 - Path: Packages/com.meta.xr.sdk.core/Scripts/Editor/OVROverlaySrcRectEditor.shader - Importer: ScriptedImporter/UnityEditor.QuickSearchModule:UnityEditor.Search:ASIAI0B
Importing 'GUID: 589b36d0aa66c7349bcff8750b670434 - Path: Packages/com.meta.xr.sdk.core/Scripts/Editor/OVROverlaySrcRectEditor.shader - Importer: ScriptedImporter/UnityEditor.QuickSearchModule:UnityEditor.Search:ASIAI0B' with importer (ScriptedImporter : UnityEditor.QuickSearchModule:UnityEditor.Search:ASIAI0B)
Imported 'GUID: 589b36d0aa66c7349bcff8750b670434' -> (Import Result ID: 'dc9d48ca3f0cd85631b9f4bbce65f96a') in 0.002 seconds [static and dynamic dependencies]. Details - ImportResultOutputID=08c7f2ef93034026cd9568a9a50cde9b DependenciesID=9170f70ffb3941cdbdb2e58086b1475e StaticDependenciesID=1bc2eb104a677f4eaa20bd39951e782c 
Number of updated asset objects reloaded before import = 0
Number of asset objects unloaded after import = 1
========================================================================
Received Import Request.
  Time of request: 2026-10-08T05:19:37.917226Z
  Time since last request: 0.000549875 seconds.
  importAddress: GUID: c2258e3ec61e309baf200dbd37825577 - Path: Packages/com.meta.xr.sdk.core/LICENSE.md - Importer: ScriptedImporter/UnityEditor.QuickSearchModule:UnityEditor.Search:ASIAI0B
Importing 'GUID: c2258e3ec61e309baf200dbd37825577 - Path: Packages/com.meta.xr.sdk.core/LICENSE.md - Importer: ScriptedImporter/UnityEditor.QuickSearchModule:UnityEditor.Search:ASIAI0B' with importer (ScriptedImporter : UnityEditor.QuickSearchModule:UnityEditor.Search:ASIAI0B)
Imported 'GUID: c2258e3ec61e309baf200dbd37825577' -> (Import Result ID: 'f53c60459834973821e95be1b3a5b79f') in 0.001 seconds [static and dynamic dependencies]. Details - ImportResultOutputID=e8bca27db8a3fc1aaccf281b6eb23d07 DependenciesID=acc54becb5090c0af8d2730197651eb4 StaticDependenciesID=a3a865746d216ad764b4ad73c4a99fb7 
Number of updated asset objects reloaded before import = 0
Number of asset objects unloaded after import = 1
========================================================================
Received Import Request.
  Time of request: 2026-10-08T05:19:37.932122Z
  Time since last request: 0.000266792 seconds.
  importAddress: GUID: 8d8e2a2be493d4a4ea19a302f0bdf332 - Path: Packages/com.meta.xr.sdk.core/Editor/HandReadinessTool/Resources/icon_editor.png - Importer: ScriptedImporter/UnityEditor.QuickSearchModule:UnityEditor.Search:ASIAI0B
Importing 'GUID: 8d8e2a2be493d4a4ea19a302f0bdf332 - Path: Packages/com.meta.xr.sdk.core/Editor/HandReadinessTool/Resources/icon_editor.png - Importer: ScriptedImporter/UnityEditor.QuickSearchModule:UnityEditor.Search:ASIAI0B' with importer (ScriptedImporter : UnityEditor.QuickSearchModule:UnityEditor.Search:ASIAI0B)
Imported 'GUID: 8d8e2a2be493d4a4ea19a302f0bdf332' -> (Import Result ID: 'f5aaf77b71006be26ac8249de09fdd83') in 0.004 seconds [static and dynamic dependencies]. Details - ImportResultOutputID=18dfe21d49a2c1e4e878cf6f1302c41d DependenciesID=9c3116d6a7187f1bf42e9e396d40d1e7 StaticDependenciesID=f6cc31c574a9e9e72a468e6b6154e34a 
Number of updated asset objects reloaded before import = 0
Number of asset objects unloaded after import = 1
========================================================================
Received Import Request.
  Time of request: 2026-10-08T05:19:37.947404Z
  Time since last request: 0.000348 seconds.
  importAddress: GUID: cbb3662a3727146458053e7188be24c7 - Path: Packages/com.meta.xr.sdk.core/Scripts/AgentBridge/Shared/Telemetry/meta.xr.ai.agentbridge.telemetry.asmdef - Importer: ScriptedImporter/UnityEditor.QuickSearchModule:UnityEditor.Search:ASIAI0B
Importing 'GUID: cbb3662a3727146458053e7188be24c7 - Path: Packages/com.meta.xr.sdk.core/Scripts/AgentBridge/Shared/Telemetry/meta.xr.ai.agentbridge.telemetry.asmdef - Importer: ScriptedImporter/UnityEditor.QuickSearchModule:UnityEditor.Search:ASIAI0B' with importer (ScriptedImporter : UnityEditor.QuickSearchModule:UnityEditor.Search:ASIAI0B)
Imported 'GUID: cbb3662a3727146458053e7188be24c7' -> (Import Result ID: '587036bc9e458fd7e4f197b7cae521a9') in 0.001 seconds [static and dynamic dependencies]. Details - ImportResultOutputID=89f5556b3dbfce2f55f8088a0d88f2b7 DependenciesID=b97a2cf448895b9a9d59c92b6726a34e StaticDependenciesID=f8857c72d0832f9a5b5107f5070bbff7 
Number of updated asset objects reloaded before import = 0
Number of asset objects unloaded after import = 1
========================================================================
Received Import Request.
  Time of request: 2026-10-08T05:19:37.962204Z
  Time since last request: 0.000249459 seconds.
  importAddress: GUID: 21672cf8bf51e7645be955134107fb6a - Path: Packages/com.meta.xr.sdk.core/Editor/MetaWand/Scripts/MetaAssetsMonitor.cs - Importer: ScriptedImporter/UnityEditor.QuickSearchModule:UnityEditor.Search:ASIAI0B
Importing 'GUID: 21672cf8bf51e7645be955134107fb6a - Path: Packages/com.meta.xr.sdk.core/Editor/MetaWand/Scripts/MetaAssetsMonitor.cs - Importer: ScriptedImporter/UnityEditor.QuickSearchModule:UnityEditor.Search:ASIAI0B' with importer (ScriptedImporter : UnityEditor.QuickSearchModule:UnityEditor.Search:ASIAI0B)
Imported 'GUID: 21672cf8bf51e7645be955134107fb6a' -> (Import Result ID: 'c5caf9bbf91e29e306c4bd8b2936e02e') in 0.002 seconds [static and dynamic dependencies]. Details - ImportResultOutputID=8cf73a3c34d17b4f8768593218d8c969 DependenciesID=49471845e37433c76e4849bb496d12ec StaticDependenciesID=8b78c55493a9c3e6108eee6d9f98c960 
Number of updated asset objects reloaded before import = 0
Number of asset objects unloaded after import = 0
========================================================================
Received Import Request.
  Time of request: 2026-10-08T05:19:37.978276Z
  Time since last request: 0.000358917 seconds.
  importAddress: GUID: 07a8397add4f58d4dbfa3505a0517451 - Path: Packages/com.meta.xr.sdk.core/Scripts/AssemblyInfo.cs - Importer: ScriptedImporter/UnityEditor.QuickSearchModule:UnityEditor.Search:ASIAI0B
Importing 'GUID: 07a8397add4f58d4dbfa3505a0517451 - Path: Packages/com.meta.xr.sdk.core/Scripts/AssemblyInfo.cs - Importer: ScriptedImporter/UnityEditor.QuickSearchModule:UnityEditor.Search:ASIAI0B' with importer (ScriptedImporter : UnityEditor.QuickSearchModule:UnityEditor.Search:ASIAI0B)
Imported 'GUID: 07a8397add4f58d4dbfa3505a0517451' -> (Import Result ID: 'a27788c0a4541ff5d2021590d6d21fb4') in 0.002 seconds [static and dynamic dependencies]. Details - ImportResultOutputID=0bda148776268979b9a422bdd10b235a DependenciesID=a65078047afde158d2e1c626c4492ee6 StaticDependenciesID=23ad0820b314c3623c26dc247adb174e 
Number of updated asset objects reloaded before import = 0
Number of asset objects unloaded after import = 0
========================================================================
Received Import Request.
  Time of request: 2026-10-08T05:19:37.994564Z
  Time since last request: 0.000490917 seconds.
  importAddress: GUID: bfe1c762c8c824f4db4486b27e46c258 - Path: Packages/com.meta.xr.sdk.core/Shaders/EnvironmentDepth/URP/Shadergraph/CalculateEnvironmentDepthOcclusion.hlsl - Importer: ScriptedImporter/UnityEditor.QuickSearchModule:UnityEditor.Search:ASIAI0B
Importing 'GUID: bfe1c762c8c824f4db4486b27e46c258 - Path: Packages/com.meta.xr.sdk.core/Shaders/EnvironmentDepth/URP/Shadergraph/CalculateEnvironmentDepthOcclusion.hlsl - Importer: ScriptedImporter/UnityEditor.QuickSearchModule:UnityEditor.Search:ASIAI0B' with importer (ScriptedImporter : UnityEditor.QuickSearchModule:UnityEditor.Search:ASIAI0B)
Imported 'GUID: bfe1c762c8c824f4db4486b27e46c258' -> (Import Result ID: '5a7c5e850b621eb63175574d33202051') in 0.007 seconds [static and dynamic dependencies]. Details - ImportResultOutputID=46a9cb4654be5dbae2d98b7a6b487c6a DependenciesID=eaa7c3c627dc33aadf78bd3a264e5997 StaticDependenciesID=204e4c4b98132cc4d0a66a4b425468a5 
Number of updated asset objects reloaded before import = 0
Number of asset objects unloaded after import = 1
========================================================================
Received Import Request.
  Time of request: 2026-10-08T05:19:38.01911Z
  Time since last request: 0.000693542 seconds.
  importAddress: GUID: 8a06b9f92b4042648a177941510142e9 - Path: Packages/com.meta.xr.sdk.core/Scripts/ImmersiveDebugger/DebugInspector/DebugInspectorManager.cs - Importer: ScriptedImporter/UnityEditor.QuickSearchModule:UnityEditor.Search:ASIAI0B
Importing 'GUID: 8a06b9f92b4042648a177941510142e9 - Path: Packages/com.meta.xr.sdk.core/Scripts/ImmersiveDebugger/DebugInspector/DebugInspectorManager.cs - Importer: ScriptedImporter/UnityEditor.QuickSearchModule:UnityEditor.Search:ASIAI0B' with importer (ScriptedImporter : UnityEditor.QuickSearchModule:UnityEditor.Search:ASIAI0B)
Imported 'GUID: 8a06b9f92b4042648a177941510142e9' -> (Import Result ID: 'c70032b6d08dfb6d0e9d46839f6e5d53') in 0.003 seconds [static and dynamic dependencies]. Details - ImportResultOutputID=66ee7d64e406feeb357cfda04febcf8c DependenciesID=f3e871212a7df58faa8aa2f693b1fc02 StaticDependenciesID=a470fad978bc71c1d7978e99ab45c836 
Number of updated asset objects reloaded before import = 0
Number of asset objects unloaded after import = 0
========================================================================
Received Import Request.
  Time of request: 2026-10-08T05:19:38.045255Z
  Time since last request: 0.001022 seconds.
  importAddress: GUID: 9ebb250a23189e6479ac10aabbffc60b - Path: Packages/com.meta.xr.sdk.core/Editor/BuildingBlocks/BlockData/SpatialAnchorCore/Scripts - Importer: ScriptedImporter/UnityEditor.QuickSearchModule:UnityEditor.Search:ASIAI0B
Importing 'GUID: 9ebb250a23189e6479ac10aabbffc60b - Path: Packages/com.meta.xr.sdk.core/Editor/BuildingBlocks/BlockData/SpatialAnchorCore/Scripts - Importer: ScriptedImporter/UnityEditor.QuickSearchModule:UnityEditor.Search:ASIAI0B' with importer (ScriptedImporter : UnityEditor.QuickSearchModule:UnityEditor.Search:ASIAI0B)
Imported 'GUID: 9ebb250a23189e6479ac10aabbffc60b' -> (Import Result ID: '066ef1c18206000513582ae6a057f2bf') in 0.003 seconds [static and dynamic dependencies]. Details - ImportResultOutputID=da80f7bb1ec51b1249456c5d98286bef DependenciesID=58937c4229923881dd3a7245d30111a0 StaticDependenciesID=ddd2e13d6c528c1686b45a942fd72b04 
Number of updated asset objects reloaded before import = 0
Number of asset objects unloaded after import = 1
========================================================================
Received Import Request.
  Time of request: 2026-10-08T05:19:38.073272Z
  Time since last request: 0.000668333 seconds.
  importAddress: GUID: d964a92a515bb463db5cbbf6b0e4b41f - Path: Packages/com.meta.xr.sdk.core/Editor/HandReadinessTool/Resources/icon_bullet_list.png - Importer: ScriptedImporter/UnityEditor.QuickSearchModule:UnityEditor.Search:ASIAI0B
Importing 'GUID: d964a92a515bb463db5cbbf6b0e4b41f - Path: Packages/com.meta.xr.sdk.core/Editor/HandReadinessTool/Resources/icon_bullet_list.png - Importer: ScriptedImporter/UnityEditor.QuickSearchModule:UnityEditor.Search:ASIAI0B' with importer (ScriptedImporter : UnityEditor.QuickSearchModule:UnityEditor.Search:ASIAI0B)
Imported 'GUID: d964a92a515bb463db5cbbf6b0e4b41f' -> (Import Result ID: '104b708abd7493921f6ff75a2b0e5a35') in 0.012 seconds [static and dynamic dependencies]. Details - ImportResultOutputID=19fbf9f05b54010436e6e80535c75139 DependenciesID=452b17cfb10c5f1ca881d952c4bfda0d StaticDependenciesID=288240ce1813189d3bf3bbf4acdb707b 
Number of updated asset objects reloaded before import = 0
Number of asset objects unloaded after import = 1
========================================================================
Received Import Request.
  Time of request: 2026-10-08T05:19:38.106201Z
  Time since last request: 0.000634792 seconds.
  importAddress: GUID: ca0effc1e3faccb44a459e4480df69e5 - Path: Packages/com.meta.xr.sdk.core/Scripts/AgentBridge/Shared/Remote/RemoteProcessingState.cs - Importer: ScriptedImporter/UnityEditor.QuickSearchModule:UnityEditor.Search:ASIAI0B
Importing 'GUID: ca0effc1e3faccb44a459e4480df69e5 - Path: Packages/com.meta.xr.sdk.core/Scripts/AgentBridge/Shared/Remote/RemoteProcessingState.cs - Importer: ScriptedImporter/UnityEditor.QuickSearchModule:UnityEditor.Search:ASIAI0B' with importer (ScriptedImporter : UnityEditor.QuickSearchModule:UnityEditor.Search:ASIAI0B)
Imported 'GUID: ca0effc1e3faccb44a459e4480df69e5' -> (Import Result ID: '853f4ab91e0be8a424ca868884d97610') in 0.002 seconds [static and dynamic dependencies]. Details - ImportResultOutputID=ad1c6fe479441383ca6e84729fedfcf9 DependenciesID=f417edda6ad97a433d3c0fd09420300b StaticDependenciesID=9361ae0fd1d24cfe0e83395c62477835 
Number of updated asset objects reloaded before import = 0
Number of asset objects unloaded after import = 0
========================================================================
Received Import Request.
  Time of request: 2026-10-08T05:19:38.124282Z
  Time since last request: 0.0004705 seconds.
  importAddress: GUID: 29e9ed43d7f77f946b6555f3d18c1af9 - Path: Packages/com.meta.xr.sdk.core/Scripts/BuildingBlocks/MultiplayerBlocks/NGO/NetworkGrabbableObject - Importer: ScriptedImporter/UnityEditor.QuickSearchModule:UnityEditor.Search:ASIAI0B
Importing 'GUID: 29e9ed43d7f77f946b6555f3d18c1af9 - Path: Packages/com.meta.xr.sdk.core/Scripts/BuildingBlocks/MultiplayerBlocks/NGO/NetworkGrabbableObject - Importer: ScriptedImporter/UnityEditor.QuickSearchModule:UnityEditor.Search:ASIAI0B' with importer (ScriptedImporter : UnityEditor.QuickSearchModule:UnityEditor.Search:ASIAI0B)
Imported 'GUID: 29e9ed43d7f77f946b6555f3d18c1af9' -> (Import Result ID: 'f17a07b9bc0a56b9fb473983d154129f') in 0.002 seconds [static and dynamic dependencies]. Details - ImportResultOutputID=6e285c349161fd586d17736e3e284b0c DependenciesID=284f94d7d66b88b68d7bfa32f65b8fb0 StaticDependenciesID=1f65a67da1bc37f80e193de29331e8a3 
Number of updated asset objects reloaded before import = 0
Number of asset objects unloaded after import = 1
========================================================================
Received Import Request.
  Time of request: 2026-10-08T05:19:38.140905Z
  Time since last request: 0.000358166 seconds.
  importAddress: GUID: be023acd32094b443afd9fbe4f70fb79 - Path: Packages/com.meta.xr.sdk.core/Editor/RuntimeOptimizer/Icons/options.png - Importer: ScriptedImporter/UnityEditor.QuickSearchModule:UnityEditor.Search:ASIAI0B
Importing 'GUID: be023acd32094b443afd9fbe4f70fb79 - Path: Packages/com.meta.xr.sdk.core/Editor/RuntimeOptimizer/Icons/options.png - Importer: ScriptedImporter/UnityEditor.QuickSearchModule:UnityEditor.Search:ASIAI0B' with importer (ScriptedImporter : UnityEditor.QuickSearchModule:UnityEditor.Search:ASIAI0B)
Imported 'GUID: be023acd32094b443afd9fbe4f70fb79' -> (Import Result ID: '0e0794bd5035d59cd3f097d94c159d31') in 0.003 seconds [static and dynamic dependencies]. Details - ImportResultOutputID=ccae42c216f71a83bd121f9b4b30b623 DependenciesID=5369d434d0f418ea5b7e983466f68e16 StaticDependenciesID=608c35ca3497f5901cebc02ddfce8903 
Number of updated asset objects reloaded before import = 0
Number of asset objects unloaded after import = 1
========================================================================
Received Import Request.
  Time of request: 2026-10-08T05:19:38.156434Z
  Time since last request: 0.00037975 seconds.
  importAddress: GUID: 6375fa97bc3b473bb80eaab0b7d7582e - Path: Packages/com.meta.xr.sdk.core/Scripts/ImmersiveDebugger/DevAgent/Resources/Styles/ImageStyles/KeyboardIcon.asset - Importer: ScriptedImporter/UnityEditor.QuickSearchModule:UnityEditor.Search:ASIAI0B
Importing 'GUID: 6375fa97bc3b473bb80eaab0b7d7582e - Path: Packages/com.meta.xr.sdk.core/Scripts/ImmersiveDebugger/DevAgent/Resources/Styles/ImageStyles/KeyboardIcon.asset - Importer: ScriptedImporter/UnityEditor.QuickSearchModule:UnityEditor.Search:ASIAI0B' with importer (ScriptedImporter : UnityEditor.QuickSearchModule:UnityEditor.Search:ASIAI0B)
Imported 'GUID: 6375fa97bc3b473bb80eaab0b7d7582e' -> (Import Result ID: 'cfb3e511ea9d6c931dad3d816f4d1abe') in 0.008 seconds [static and dynamic dependencies]. Details - ImportResultOutputID=47ef6801f20549467e646375a575eb3d DependenciesID=d9849c1d65f2f24e6a8d32b26093e423 StaticDependenciesID=3700dcb439d661367459293a87f60152 
Number of updated asset objects reloaded before import = 0
Number of asset objects unloaded after import = 2
========================================================================
Received Import Request.
  Time of request: 2026-10-08T05:19:38.176835Z
  Time since last request: 0.000783167 seconds.
  importAddress: GUID: 4d610b4cc90180e4596619f04305a7d8 - Path: Packages/com.meta.xr.sdk.core/Scripts/EnvironmentDepth - Importer: ScriptedImporter/UnityEditor.QuickSearchModule:UnityEditor.Search:ASIAI0B
Importing 'GUID: 4d610b4cc90180e4596619f04305a7d8 - Path: Packages/com.meta.xr.sdk.core/Scripts/EnvironmentDepth - Importer: ScriptedImporter/UnityEditor.QuickSearchModule:UnityEditor.Search:ASIAI0B' with importer (ScriptedImporter : UnityEditor.QuickSearchModule:UnityEditor.Search:ASIAI0B)
Imported 'GUID: 4d610b4cc90180e4596619f04305a7d8' -> (Import Result ID: '386e60f73bcb7c9d4360739e7cd2ccde') in 0.002 seconds [static and dynamic dependencies]. Details - ImportResultOutputID=ab8821e6109797226796d8dcbbf12a3e DependenciesID=18ad6912fb053b2ed7d8ec453a368d89 StaticDependenciesID=7e09d3cf47ba771e1698ea1fa8e57364 
Number of updated asset objects reloaded before import = 0
Number of asset objects unloaded after import = 1
========================================================================
Received Import Request.
  Time of request: 2026-10-08T05:19:38.195276Z
  Time since last request: 0.000899375 seconds.
  importAddress: GUID: 4f0a771a4b761824abb7f5092f47374a - Path: Packages/com.meta.xr.sdk.core/Editor/Rules/ScriptingDefineConstants.cs - Importer: ScriptedImporter/UnityEditor.QuickSearchModule:UnityEditor.Search:ASIAI0B
Importing 'GUID: 4f0a771a4b761824abb7f5092f47374a - Path: Packages/com.meta.xr.sdk.core/Editor/Rules/ScriptingDefineConstants.cs - Importer: ScriptedImporter/UnityEditor.QuickSearchModule:UnityEditor.Search:ASIAI0B' with importer (ScriptedImporter : UnityEditor.QuickSearchModule:UnityEditor.Search:ASIAI0B)
Imported 'GUID: 4f0a771a4b761824abb7f5092f47374a' -> (Import Result ID: '89e6bd7504362200728675231e123a5c') in 0.001 seconds [static and dynamic dependencies]. Details - ImportResultOutputID=a566ae1a2ece21d56ea92941227f378e DependenciesID=8481bc088d520a1e6e84e3c7712d53e3 StaticDependenciesID=39b99e26109c364345e7253aad18c40b 
Number of updated asset objects reloaded before import = 0
Number of asset objects unloaded after import = 0
========================================================================
Received Import Request.
  Time of request: 2026-10-08T05:19:38.210053Z
  Time since last request: 0.000289042 seconds.
  importAddress: GUID: 00c1aa89049aa4af4bdcbb5cb112940d - Path: Packages/com.meta.xr.sdk.core/Scripts/ImmersiveDebugger/Gizmos/DebugGizmos/PolylineRenderer.cs - Importer: ScriptedImporter/UnityEditor.QuickSearchModule:UnityEditor.Search:ASIAI0B
Importing 'GUID: 00c1aa89049aa4af4bdcbb5cb112940d - Path: Packages/com.meta.xr.sdk.core/Scripts/ImmersiveDebugger/Gizmos/DebugGizmos/PolylineRenderer.cs - Importer: ScriptedImporter/UnityEditor.QuickSearchModule:UnityEditor.Search:ASIAI0B' with importer (ScriptedImporter : UnityEditor.QuickSearchModule:UnityEditor.Search:ASIAI0B)
Imported 'GUID: 00c1aa89049aa4af4bdcbb5cb112940d' -> (Import Result ID: 'e3fb01bbadf21f5c0ecb49bb493c8a46') in 0.001 seconds [static and dynamic dependencies]. Details - ImportResultOutputID=b17f0bbf45a419498158d76a3e113e72 DependenciesID=dd73413ee2a84f8de5b1501f6107c923 StaticDependenciesID=7c66d781ad3bb85235bb425f427f3804 
Number of updated asset objects reloaded before import = 0
Number of asset objects unloaded after import = 0
========================================================================
Received Import Request.
  Time of request: 2026-10-08T05:19:38.222376Z
  Time since last request: 0.000250292 seconds.
  importAddress: GUID: 817009e671af1a74689ae6510342aa56 - Path: Packages/com.meta.xr.sdk.core/Editor/BuildingBlocks/BlockData/HandTracking - Importer: ScriptedImporter/UnityEditor.QuickSearchModule:UnityEditor.Search:ASIAI0B
Importing 'GUID: 817009e671af1a74689ae6510342aa56 - Path: Packages/com.meta.xr.sdk.core/Editor/BuildingBlocks/BlockData/HandTracking - Importer: ScriptedImporter/UnityEditor.QuickSearchModule:UnityEditor.Search:ASIAI0B' with importer (ScriptedImporter : UnityEditor.QuickSearchModule:UnityEditor.Search:ASIAI0B)
Imported 'GUID: 817009e671af1a74689ae6510342aa56' -> (Import Result ID: '9a3d8754a21a11874e00dc68fbe9ba42') in 0.001 seconds [static and dynamic dependencies]. Details - ImportResultOutputID=6f09ae62be07d7ccb4501da3aa5af2a1 DependenciesID=4063b5c991ff7f67c970911ea6b1a579 StaticDependenciesID=af4932377b83502e506e029aa898229c 
Number of updated asset objects reloaded before import = 0
Number of asset objects unloaded after import = 1
========================================================================
Received Import Request.
  Time of request: 2026-10-08T05:19:38.235511Z
  Time since last request: 0.000303958 seconds.
  importAddress: GUID: 90e50ed5da21320459bef15430974648 - Path: Packages/com.meta.xr.sdk.core/Prefabs/OVR Sample Canvas.prefab - Importer: ScriptedImporter/UnityEditor.QuickSearchModule:UnityEditor.Search:ASIAI0B
Importing 'GUID: 90e50ed5da21320459bef15430974648 - Path: Packages/com.meta.xr.sdk.core/Prefabs/OVR Sample Canvas.prefab - Importer: ScriptedImporter/UnityEditor.QuickSearchModule:UnityEditor.Search:ASIAI0B' with importer (ScriptedImporter : UnityEditor.QuickSearchModule:UnityEditor.Search:ASIAI0B)
Imported 'GUID: 90e50ed5da21320459bef15430974648' -> (Import Result ID: '90e9f4865d93452ea76d78b09a41ab75') in 0.052 seconds [static and dynamic dependencies]. Details - ImportResultOutputID=26af7e32f3b5438526cfbc89e13aebd4 DependenciesID=f170b9f6e4a41710ad6847720059b91d StaticDependenciesID=f002a5234f444c1a193da4a14ca93e2d 
Number of updated asset objects reloaded before import = 0
Number of asset objects unloaded after import = 47
========================================================================
Received Import Request.
  Time of request: 2026-10-08T05:19:38.298855Z
  Time since last request: 0.000050375 seconds.
  importAddress: GUID: 30a89e6ba963248cf85628ef0bbdab27 - Path: Packages/com.unity.mathematics/Tests/Editor/BasicTestSuite.cs - Importer: ScriptedImporter/UnityEditor.QuickSearchModule:UnityEditor.Search:ASIAI0B
Importing 'GUID: 30a89e6ba963248cf85628ef0bbdab27 - Path: Packages/com.unity.mathematics/Tests/Editor/BasicTestSuite.cs - Importer: ScriptedImporter/UnityEditor.QuickSearchModule:UnityEditor.Search:ASIAI0B' with importer (ScriptedImporter : UnityEditor.QuickSearchModule:UnityEditor.Search:ASIAI0B)
Imported 'GUID: 30a89e6ba963248cf85628ef0bbdab27' -> (Import Result ID: '50576d8fea04e0dfb2e3ae8912d484d7') in 0.001 seconds [static and dynamic dependencies]. Details - ImportResultOutputID=3b3ea8883e9dd270c6ea27ada5016b1e DependenciesID=fcd2f7d0c0bd51573d39cf066006d236 StaticDependenciesID=fb1816ba79b83f881013b140556d24b6 
Number of updated asset objects reloaded before import = 0
Number of asset objects unloaded after import = 0
========================================================================
Received Import Request.
  Time of request: 2026-10-08T05:19:38.311425Z
  Time since last request: 0.000266667 seconds.
  importAddress: GUID: 5f03374eaa65dfc4b984e0973b9c7fe1 - Path: Packages/com.meta.xr.sdk.core/Scripts/ImmersiveDebugger/UserInterface/Resources/Textures/down_icon.png - Importer: ScriptedImporter/UnityEditor.QuickSearchModule:UnityEditor.Search:ASIAI0B
Importing 'GUID: 5f03374eaa65dfc4b984e0973b9c7fe1 - Path: Packages/com.meta.xr.sdk.core/Scripts/ImmersiveDebugger/UserInterface/Resources/Textures/down_icon.png - Importer: ScriptedImporter/UnityEditor.QuickSearchModule:UnityEditor.Search:ASIAI0B' with importer (ScriptedImporter : UnityEditor.QuickSearchModule:UnityEditor.Search:ASIAI0B)
Imported 'GUID: 5f03374eaa65dfc4b984e0973b9c7fe1' -> (Import Result ID: '0bef35ec02f0f2335a8e2206daef13c9') in 0.003 seconds [static and dynamic dependencies]. Details - ImportResultOutputID=133f3e904044e4c066713786258f3cef DependenciesID=e3754bb059d711a4ab6ccfc44aa4eb97 StaticDependenciesID=8d40b1481c1e7e9147ccd5de27aa22be 
Number of updated asset objects reloaded before import = 0
Number of asset objects unloaded after import = 1
========================================================================
Received Import Request.
  Time of request: 2026-10-08T05:19:38.326051Z
  Time since last request: 0.000291958 seconds.
  importAddress: GUID: 639f740ebcad32e4880a3e22eea9095c - Path: Packages/com.meta.xr.sdk.core/Scripts/Util/OVRRayHelper.cs - Importer: ScriptedImporter/UnityEditor.QuickSearchModule:UnityEditor.Search:ASIAI0B
Importing 'GUID: 639f740ebcad32e4880a3e22eea9095c - Path: Packages/com.meta.xr.sdk.core/Scripts/Util/OVRRayHelper.cs - Importer: ScriptedImporter/UnityEditor.QuickSearchModule:UnityEditor.Search:ASIAI0B' with importer (ScriptedImporter : UnityEditor.QuickSearchModule:UnityEditor.Search:ASIAI0B)
Imported 'GUID: 639f740ebcad32e4880a3e22eea9095c' -> (Import Result ID: '3f6b80c66f9700038b9e8a1e0095f39b') in 0.001 seconds [static and dynamic dependencies]. Details - ImportResultOutputID=c16c3b3922243de9d9d491b302ab3c48 DependenciesID=f9ed414026b7c71f77b3b0294acca82c StaticDependenciesID=a5e54639d163b59b2fe7508a9ecf18c2 
Number of updated asset objects reloaded before import = 0
Number of asset objects unloaded after import = 0
========================================================================
Received Import Request.
  Time of request: 2026-10-08T05:19:38.338285Z
  Time since last request: 0.000265958 seconds.
  importAddress: GUID: 12283131fa5724f44b343883ae474072 - Path: Packages/com.meta.xr.sdk.core/Scripts/OVRPointerVisualizer.cs - Importer: ScriptedImporter/UnityEditor.QuickSearchModule:UnityEditor.Search:ASIAI0B
Importing 'GUID: 12283131fa5724f44b343883ae474072 - Path: Packages/com.meta.xr.sdk.core/Scripts/OVRPointerVisualizer.cs - Importer: ScriptedImporter/UnityEditor.QuickSearchModule:UnityEditor.Search:ASIAI0B' with importer (ScriptedImporter : UnityEditor.QuickSearchModule:UnityEditor.Search:ASIAI0B)
Imported 'GUID: 12283131fa5724f44b343883ae474072' -> (Import Result ID: '4691f53f306645e5e64564c5c617937d') in 0.001 seconds [static and dynamic dependencies]. Details - ImportResultOutputID=d8b55fd3b4524032e60ae257fd6ba90e DependenciesID=19bc3abb793d87c673b95b30ab3a5fea StaticDependenciesID=b3bc8e2a7b83a8805d6c7666a236cd38 
Number of updated asset objects reloaded before import = 0
Number of asset objects unloaded after import = 0
========================================================================
Received Import Request.
  Time of request: 2026-10-08T05:19:38.351116Z
  Time since last request: 0.000297208 seconds.
  importAddress: GUID: 205b4500344bafe4c9bce42169f9a5b1 - Path: Packages/com.meta.xr.sdk.core/Scripts/ImmersiveDebugger/UserInterface/Resources/Styles/LayoutStyles/MemberSlider.asset - Importer: ScriptedImporter/UnityEditor.QuickSearchModule:UnityEditor.Search:ASIAI0B
Importing 'GUID: 205b4500344bafe4c9bce42169f9a5b1 - Path: Packages/com.meta.xr.sdk.core/Scripts/ImmersiveDebugger/UserInterface/Resources/Styles/LayoutStyles/MemberSlider.asset - Importer: ScriptedImporter/UnityEditor.QuickSearchModule:UnityEditor.Search:ASIAI0B' with importer (ScriptedImporter : UnityEditor.QuickSearchModule:UnityEditor.Search:ASIAI0B)
Imported 'GUID: 205b4500344bafe4c9bce42169f9a5b1' -> (Import Result ID: '100ffa79c650a62cb9d5a1e6bf045ae2') in 0.002 seconds [static and dynamic dependencies]. Details - ImportResultOutputID=9f170b9ce1cfeab51ecaa56997b86931 DependenciesID=df48944f2b517b2d174ea33997637c67 StaticDependenciesID=26ab6b3771edb7324fb6678d0e1e6900 
Number of updated asset objects reloaded before import = 0
Number of asset objects unloaded after import = 1
========================================================================
Received Import Request.
  Time of request: 2026-10-08T05:19:38.364432Z
  Time since last request: 0.00023525 seconds.
  importAddress: GUID: 4c57e437de61db14b93dce251548cc0c - Path: Packages/com.meta.xr.sdk.core/Scripts/ImmersiveDebugger/UserInterface/Resources/Styles/LayoutStyles/PanelButton.asset - Importer: ScriptedImporter/UnityEditor.QuickSearchModule:UnityEditor.Search:ASIAI0B
Importing 'GUID: 4c57e437de61db14b93dce251548cc0c - Path: Packages/com.meta.xr.sdk.core/Scripts/ImmersiveDebugger/UserInterface/Resources/Styles/LayoutStyles/PanelButton.asset - Importer: ScriptedImporter/UnityEditor.QuickSearchModule:UnityEditor.Search:ASIAI0B' with importer (ScriptedImporter : UnityEditor.QuickSearchModule:UnityEditor.Search:ASIAI0B)
Imported 'GUID: 4c57e437de61db14b93dce251548cc0c' -> (Import Result ID: '104e80debf079ba73e1e04b43f4f6ac0') in 0.002 seconds [static and dynamic dependencies]. Details - ImportResultOutputID=bf19fcd72c0b56034bc3464743a6068d DependenciesID=68e4b7b2f930113445cf789c98582eaf StaticDependenciesID=1cfc7cdb1ad55c13a39c899aa8718fae 
Number of updated asset objects reloaded before import = 0
Number of asset objects unloaded after import = 1
========================================================================
Received Import Request.
  Time of request: 2026-10-08T05:19:38.377296Z
  Time since last request: 0.000230792 seconds.
  importAddress: GUID: 16d85c1a127cdfa44b3ae9858216085f - Path: Packages/com.meta.xr.sdk.core/Scripts/ImmersiveDebugger/UserInterface/Generic/Controllers/Implementations/Label.cs - Importer: ScriptedImporter/UnityEditor.QuickSearchModule:UnityEditor.Search:ASIAI0B
Importing 'GUID: 16d85c1a127cdfa44b3ae9858216085f - Path: Packages/com.meta.xr.sdk.core/Scripts/ImmersiveDebugger/UserInterface/Generic/Controllers/Implementations/Label.cs - Importer: ScriptedImporter/UnityEditor.QuickSearchModule:UnityEditor.Search:ASIAI0B' with importer (ScriptedImporter : UnityEditor.QuickSearchModule:UnityEditor.Search:ASIAI0B)
Imported 'GUID: 16d85c1a127cdfa44b3ae9858216085f' -> (Import Result ID: '3b31251607796afe0777732b7d84dc72') in 0.001 seconds [static and dynamic dependencies]. Details - ImportResultOutputID=64909497f7a8dfe18ca898506c62af9a DependenciesID=abe83e5ac541fdeb3bc6d62a1d81ad3e StaticDependenciesID=06693c9614474b8556bab3b4249dc959 
Number of updated asset objects reloaded before import = 0
Number of asset objects unloaded after import = 0
========================================================================
Received Import Request.
  Time of request: 2026-10-08T05:19:38.389512Z
  Time since last request: 0.000274708 seconds.
  importAddress: GUID: 96b603739e40e3e4d9f6fdbdc4a646cb - Path: Packages/com.meta.xr.sdk.core/Editor/RuntimeOptimizer/PerformanceInsight/InsightsForCategory.json - Importer: ScriptedImporter/UnityEditor.QuickSearchModule:UnityEditor.Search:ASIAI0B
Importing 'GUID: 96b603739e40e3e4d9f6fdbdc4a646cb - Path: Packages/com.meta.xr.sdk.core/Editor/RuntimeOptimizer/PerformanceInsight/InsightsForCategory.json - Importer: ScriptedImporter/UnityEditor.QuickSearchModule:UnityEditor.Search:ASIAI0B' with importer (ScriptedImporter : UnityEditor.QuickSearchModule:UnityEditor.Search:ASIAI0B)
Imported 'GUID: 96b603739e40e3e4d9f6fdbdc4a646cb' -> (Import Result ID: 'a3ad53edcdcf8826e5c62f6802d39e10') in 0.001 seconds [static and dynamic dependencies]. Details - ImportResultOutputID=77bd0871b8ac8dec79485a41d50a083e DependenciesID=627d83da38114297fdc341b92f1de05d StaticDependenciesID=b1c0c988a1999e3ca4e65579944a55c2 
Number of updated asset objects reloaded before import = 0
Number of asset objects unloaded after import = 1
========================================================================
Received Import Request.
  Time of request: 2026-10-08T05:19:38.401408Z
  Time since last request: 0.000285625 seconds.
  importAddress: GUID: b9b345ce0425aa14b8cfbb36156c4786 - Path: Packages/com.meta.xr.sdk.core/Scripts/ImmersiveDebugger/UserInterface/Resources/Shaders - Importer: ScriptedImporter/UnityEditor.QuickSearchModule:UnityEditor.Search:ASIAI0B
Importing 'GUID: b9b345ce0425aa14b8cfbb36156c4786 - Path: Packages/com.meta.xr.sdk.core/Scripts/ImmersiveDebugger/UserInterface/Resources/Shaders - Importer: ScriptedImporter/UnityEditor.QuickSearchModule:UnityEditor.Search:ASIAI0B' with importer (ScriptedImporter : UnityEditor.QuickSearchModule:UnityEditor.Search:ASIAI0B)
Imported 'GUID: b9b345ce0425aa14b8cfbb36156c4786' -> (Import Result ID: '960c6d61de506090c50a4d8d99b756f3') in 0.001 seconds [static and dynamic dependencies]. Details - ImportResultOutputID=6671e22c44dd46329a88008fb59098e2 DependenciesID=479f65521692c0be37a2c6df809d009b StaticDependenciesID=3bd79b1edac0f7e0a8df8d738da77540 
Number of updated asset objects reloaded before import = 0
Number of asset objects unloaded after import = 1
========================================================================
Received Prepare
AcceleratorClientConnectionCallback - disconnected - :0
WARNING: Shader Unsupported: 'Universal Render Pipeline/VR/SpatialMapping/Wireframe' - All subshaders removed
WARNING: Shader Did you use #pragma only_renderers and omit this platform?
WARNING: Shader If subshaders removal was intentional, you may have forgotten turning Fallback off?
Shader Hidden/ChartRasterizerHardware is not supported: GPU does not support conservative rasterization
Refreshing native plugins compatible for Editor in 4.64 ms, found 15 plugins.
Unloading 148 Unused Serialized files (Serialized files now loaded: 0)
Unloading 205 unused Assets / (16.7 MB). Loaded Objects now: 10450.
Memory consumption went from 223.8 MB to 207.1 MB.
Total: 75.185125 ms (FindLiveObjects: 0.710541 ms CreateObjectMapping: 0.195083 ms MarkObjects: 67.316750 ms  DeleteObjects: 6.708875 ms)

Prepare: number of updated asset objects reloaded= 0
AssetImportWorkerClient::OnTransportError - code=2 error=End of file
